"recipe_name","recipe_group","status","menu_price","food_cost","food_cost_pct"
"Founders Easy Drinking Beer","Draft Beer","COMPLETE","$4.50","$1.05","23.3%"
"Bells Oberon Light","Draft Beer","COMPLETE","$6.00","$1.58","26.34%"
"Garage Beer Classic Lime","Draft Beer","COMPLETE","$4.50","$1.08","24.04%"
"Half Acre Reef Knot","Draft Beer","COMPLETE","$6.50","$1.58","24.32%"
"Blind Corner Low Orbit Silence","Draft Beer","COMPLETE","$7.50","$1.88","25%"
"Goose Island 312","Draft Beer","COMPLETE","$6.00","$1.57","26.21%"
"Modelo Draft","Draft Beer","COMPLETE","$6.50","$1.55","23.89%"
"Cobb Salad","Salads","COMPLETE","$18.00","$3.10","17.22%"
"Onion Rings","Appetizers","COMPLETE","$11.00","$0.32","2.87%"
"93 Octane Out Cold","Draft Beer","COMPLETE","$4.00","$1.61","40.32%"
"Don Julio Reposado","Liquor","COMPLETE","$6.00","$2.82","46.99%"
"Alter Mosaic Motive","Draft Beer","COMPLETE","$6.50","$1.49","22.95%"
"Half Acre Slow Melt","Draft Beer","COMPLETE","$7.00","$1.60","22.93%"
"Alaskan Amber","Draft Beer","COMPLETE","$7.00","$1.49","21.31%"
"Church Street Righteous Red","Draft Beer","COMPLETE","$7.00","$1.56","22.24%"
"Church Street Lil Lucy","Draft Beer","COMPLETE","$8.00","$1.69","21.17%"
"3 Floyd's Turbo Reaper","Draft Beer","COMPLETE","$7.00","$1.58","22.58%"
"Ciderboys Cherry Limeade","Draft Beer","COMPLETE","$6.00","$1.40","23.39%"
"Alter Ambigram","Draft Beer","COMPLETE","$7.00","$1.60","22.93%"
"Kona Big Wave","Draft Beer","COMPLETE","$6.00","$1.45","24.18%"
"$5 Modelo","Draft Beer","COMPLETE","$5.00","$1.55","31.06%"
"Slam Dunk Sampler","Appetizers","COMPLETE","$19.00","$3.87","20.35%"
"Overtime Nachos","Appetizers","COMPLETE","$14.00","$4.91","35.06%"
"Cecillio's Cheese Sauce","Sauces - Warm","COMPLETE","N/A","$1.58",""
"Pico de Gallo","Sauces - Cold","COMPLETE","N/A","$8.94",""
"Generations Pretzel City Amber","Draft Beer","COMPLETE","$5.00","$1.49","29.84%"
"Southside Gin Seltzer","Bottle Beer","COMPLETE","$9.00","$3.00","33.33%"
"Goose Island Full Pocket Pils","Draft Beer","COMPLETE","$6.00","$1.64","27.42%"
"Point Amber Lager","Draft Beer","COMPLETE","$5.00","$0.89","17.74%"
"Magners Cider","Draft Beer","COMPLETE","$7.00","$1.77","25.34%"
"Jameson and Ginger RTD","Bottle Beer","COMPLETE","$9.00","$2.42","26.9%"
"Go Brewing Sunshine State Tropical Ipa Can","Bottle Beer","COMPLETE","$7.50","$1.53","20.43%"
"Pork Carnitas","Appetizers","DRAFT","--","$1.43",""
"Shrimp Caesar Wrap","Wraps","COMPLETE","$17.00","$3.36","19.76%"
"Chicken Pot Pie Soup","Soup","COMPLETE","--","$1.49",""
"Michelob Ultra Draft","Draft Beer","COMPLETE","$5.00","$1.18","23.53%"
"Sapporo","Draft Beer","COMPLETE","--","$1.25",""
"Founders Breakfast Stout","Draft Beer","COMPLETE","--","$1.00",""
"Italian Pasta Salad","Sides","COMPLETE","$5.00","$1.41","28.13%"
"French Dip Sandwich","Not Burgers","COMPLETE","$18.00","$4.42","24.53%"
"White Tea","Shots","COMPLETE","--","$0.45",""
"Guinness 0.0","Bottle Beer","COMPLETE","$7.00","$1.79","25.6%"
"Graffigna Malbec","Wine","COMPLETE","$5.00","$1.77","35.43%"
"Meiomi Pinot Noir","Wine","COMPLETE","$15.00","$2.84","18.93%"
"Locations Sauvignon Blanc","Wine","COMPLETE","$11.00","$2.60","23.66%"
"Prisoner Red Blend","Wine","COMPLETE","$18.00","$5.93","32.94%"
"House Fries (3rd Party)","Sides","COMPLETE","$5.00","$0.17","3.41%"
"Truffle Parmesan Fries (3rd Party)","Sides","COMPLETE","$7.00","$3.22","46.02%"
"Cajun Fries (3rd Party)","Sides","COMPLETE","$5.00","$2.04","40.81%"
"Chateau St. Sulpice Bordeaux","Wine","COMPLETE","$12.00","$2.83","23.62%"
"H3 Cabernet","Wine","COMPLETE","$11.00","$2.12","19.33%"
"Joel Gott 815 Cabernet","Wine","COMPLETE","$13.00","$2.48","19.08%"
"Layer Cake Malbec","Wine","COMPLETE","$12.00","$2.72","22.64%"
"Unshackled Red Blend","Wine","COMPLETE","$14.00","$2.83","20.25%"
"Chalk Hill Chardonnay","Wine","COMPLETE","$12.00","$2.83","23.62%"
"Barone Fini Pinot Grigio","Wine","COMPLETE","$10.00","$2.24","22.44%"
"Kim Crawford Sauvignon Blanc","Wine","COMPLETE","$12.00","$2.36","19.68%"
"Whispering Angel Rose","Wine","COMPLETE","$14.00","$3.78","27%"
"Bulleit Bourbon","Liquor","COMPLETE","$18.00","$1.87","10.37%"
"Reuben Sandwich","Not Burgers","COMPLETE","$17.00","$2.84","16.71%"
"Brunch Bloody Mary","Cocktails","COMPLETE","$6.00","$0.73","12.15%"
"Bloody Mary","Cocktails","COMPLETE","$8.75","$0.73","8.33%"
"Fish and Chips","Not Burgers","DRAFT","$19.00","$4.76","25.08%"
"3 Floyd's Robert The Bruce","Draft Beer","COMPLETE","$9.00","$1.54","17.11%"
"93 Octane Turbo","Draft Beer","COMPLETE","$6.50","$1.64","25.27%"
"Irish Maid","Cocktails","COMPLETE","$13.00","$2.64","20.28%"
"Irish Mule","Cocktails","COMPLETE","$13.00","$2.61","20.06%"
"Irish Espresso Martini","Cocktails","COMPLETE","$14.00","$2.99","21.39%"
"Elvis Burger","Brunch","COMPLETE","$18.00","$3.49","19.41%"
"Nutrl Blueberry","Bottle Beer","COMPLETE","$7.00","$1.75","25%"
"Guinness","Draft Beer","COMPLETE","$9.50","$2.39","25.16%"
"Allagash White","Draft Beer","COMPLETE","$7.00","$1.78","25.37%"
"Triple Cheese Quesadilla","Appetizers","COMPLETE","$11.00","$2.11","19.22%"
"Ciderboys First Press","Draft Beer","COMPLETE","$6.00","$1.32","22.04%"
"Dovetail Pilsner","Draft Beer","COMPLETE","$7.00","$1.32","18.89%"
"Blind Corner Smell the Roses","Draft Beer","COMPLETE","$8.50","$1.89","22.2%"
"Surly Xtra-Citra IPA","Draft Beer","COMPLETE","$6.00","$1.37","22.85%"
"Pipeworks Amber Lager","Draft Beer","COMPLETE","$8.00","$1.85","23.08%"
"3 Floyd's Straight Bourbon Martini","Liquor","COMPLETE","$15.00","$2.66","17.74%"
"3 Floyd's Straight Bourbon Rocks","Liquor","COMPLETE","$11.75","$1.77","15.1%"
"3 Floyd's Straight Bourbon","Liquor","COMPLETE","$10.00","$1.33","13.3%"
"3 Floyd's Straight Bourbon Double","Liquor","COMPLETE","$13.00","$2.22","17.06%"
"3 Floyd's Straight Malt Whiskey Martini","Liquor","COMPLETE","$15.00","$2.66","17.74%"
"3 Floyd's Straight Malt Whiskey Double","Liquor","COMPLETE","$13.00","$2.22","17.06%"
"3 Floyd's Straight Malt Whiskey Rocks","Liquor","COMPLETE","$11.75","$1.77","15.1%"
"3 Floyds Straight Malt Whiskey","Liquor","COMPLETE","$10.00","$1.33","13.3%"
"Art History Major NEIPA","Draft Beer","COMPLETE","$7.00","$1.61","23.04%"
"Beer Cheese Soup","Soup","COMPLETE","$7.00","$0.70","9.99%"
"Charro Bean Soup","Soup","COMPLETE","$7.00","$0.48","6.89%"
"Charro Bean Soup Prep","Soup","COMPLETE","N/A","$24.02",""
"Beer Cheese Soup Prep","Soup","COMPLETE","N/A","$29.83",""
"3 Floyd's Behemoth","Draft Beer","COMPLETE","$9.00","$2.54","28.27%"
"Azteca Sauce","Sauces - Cold","COMPLETE","N/A","$9.59",""
"Blind Corner Straight Shot","Draft Beer","COMPLETE","$8.00","$1.89","23.59%"
"Brewdog Hazy Jane","Draft Beer","COMPLETE","$7.00","$1.52","21.66%"
"Blind Corner Heavy Step","Draft Beer","COMPLETE","$8.50","$1.97","23.15%"
"3 Floyd's Last In Lime","Draft Beer","COMPLETE","$6.00","$1.30","21.64%"
"Sketchbook West Coast IPA","Draft Beer","COMPLETE","$7.00","$1.60","22.93%"
"Bacon Wrapped Shrimp","Appetizers","COMPLETE","$14.00","$4.04","28.82%"
"Chorizo Brunch Burger","Burgers","COMPLETE","$18.00","$1.93","10.74%"
"American Mary Party Bloody","Cocktails","COMPLETE","$5.00","$0.72","14.43%"
"MG Bacardi Hurricane","Cocktails","COMPLETE","$13.00","$2.54","19.54%"
"Berry Blossom","Cocktails","COMPLETE","$12.00","$0.90","7.54%"
"Cali White Sangria","Cocktails","DRAFT","N/A","$1.49",""
"Bells Hopslam","Draft Beer","COMPLETE","$6.00","$1.26","21%"
"Spiteful Brewing GD Pigeon","Draft Beer","COMPLETE","$8.00","$1.73","21.67%"
"Bells Two Hearted IPA","Draft Beer","COMPLETE","$7.00","$1.54","22%"
"Root Beer","Beverage","COMPLETE","$3.50","$0.88","25%"
"French Onion Soup","Soup","COMPLETE","$7.00","$1.96","27.99%"
"French Dip Meat Prep","Not Burgers","COMPLETE","N/A","$146.59",""
"Chicken Pot Pie Soup","Soup","COMPLETE","N/A","$33.49",""
"French Onion Prep","Soup","COMPLETE","N/A","$25.43",""
"Italian Beef Egg Rolls","Appetizers","COMPLETE","--","$2.15",""
"French Dip Au Jus","Sauces - Warm","COMPLETE","N/A","$13.48",""
"Italian Dressing","Dressings","COMPLETE","N/A","$9.40",""
"Breading Flour","Seasonings and Rubs","DRAFT","N/A","$10.39",""
"Nuevo Ranchero Burger","Burgers","DRAFT","--","$1.31",""
"Breakfast Sandwich","Brunch","DRAFT","$12.00","$0.00",""
"Blind Corner Moon Cloak","Draft Beer","COMPLETE","$8.00","$1.97","24.6%"
"Half Acre Light Lager","Draft Beer","COMPLETE","$5.50","$1.26","22.87%"
"Blind Corner Glacial Ridge","Draft Beer","COMPLETE","$7.00","$1.28","18.29%"
"Maplewood Straight To Video","Draft Beer","COMPLETE","--","$1.85",""
"House Honey Syrup","Mixer","COMPLETE","N/A","$4.08",""
"Aguasol Reposado Martini","Liquor","COMPLETE","$21.00","$5.90","28.09%"
"Aguasol Reposado Double","Liquor","COMPLETE","$18.25","$4.92","26.94%"
"Aguasol Reposado Neat","Liquor","COMPLETE","$16.50","$3.93","23.84%"
"Aguasol Reposado","Liquor","COMPLETE","$14.00","$2.95","21.07%"
"Aguasol Blanco Martini","Liquor","COMPLETE","$18.00","$5.37","29.82%"
"Aguasol Blanco Double","Liquor","COMPLETE","$15.75","$4.47","28.4%"
"Aguasol Blanco Neat","Liquor","COMPLETE","$14.25","$3.58","25.11%"
"Aguasol Blanco","Liquor","COMPLETE","$12.00","$2.68","22.36%"
"$8 Main Margarita","Cocktails","COMPLETE","--","$1.02",""
"Kentucky Mule","Cocktails","COMPLETE","$9.00","$1.05","11.64%"
"Fresco Spritz","Cocktails","COMPLETE","$12.00","$1.15","9.6%"
"Paloma","Cocktails","COMPLETE","$11.00","$1.34","12.22%"
"$8 Paloma","Cocktails","COMPLETE","--","$1.14",""
"Lychee Mojito","Cocktails","COMPLETE","$11.00","$1.91","17.38%"
"Avocado Margarita","Cocktails","COMPLETE","$12.00","$1.32","11.05%"
"Kamakazi","Shots","COMPLETE","$7.50","$0.33","4.46%"
"Moscow Mule","Cocktails","COMPLETE","$8.75","$0.32","3.67%"
"Mojito","Cocktails","COMPLETE","$10.00","$0.19","1.9%"
"Gimlet - Gin","Cocktails","COMPLETE","$7.75","$0.12","1.59%"
"Gimlet - Vodka","Cocktails","COMPLETE","$7.75","$0.12","1.59%"
"Tito's Spicy Watermelon","Cocktails","COMPLETE","--","$1.38",""
"Pear For A Smoke","Cocktails","COMPLETE","--","$0.74",""
"Mai Tai","Cocktails","COMPLETE","$11.00","$1.11","10.09%"
"Spicy Mezcal","Cocktails","COMPLETE","$12.00","$0.47","3.96%"
"Main St Margarita","Cocktails","COMPLETE","$10.00","$1.10","10.96%"
"Cosmopolitan","Cocktails","COMPLETE","$12.00","$2.29","19.11%"
"1/2 Spicy Tots","Appetizers","COMPLETE","--","$1.83",""
"Fried Pickles","Appetizers","COMPLETE","$12.00","$1.41","11.72%"
"EH Taylor Small Batch","Liquor","COMPLETE","$15.00","$2.80","18.65%"
"N/A Rational Japanese Style Dry","Beverage","COMPLETE","$6.00","$1.50","25%"
"N/A Athletica Mexican Style Copper","Bottle Beer","COMPLETE","$6.00","$1.33","22.19%"
"Wycliff Champagne","Wine","COMPLETE","$7.00","$1.06","15.21%"
"Ground Beef 8oz","Burgers","COMPLETE","N/A","$2.05",""
"Pub Slider Prep","Burgers","COMPLETE","N/A","$1.01",""
"Appletini","Cocktails","COMPLETE","$12.00","$0.81","6.77%"
"Cran Apple Mule","Cocktails","COMPLETE","$12.00","$1.30","10.86%"
"Aperol Spritz","Cocktails","COMPLETE","$11.00","$2.13","19.36%"
"Brewdog Elvis Juice","Draft Beer","COMPLETE","$7.00","$1.40","20.03%"
"CIderboys Mad Bark","Draft Beer","COMPLETE","--","$1.40",""
"Virgin Mojito","Beverage","COMPLETE","$5.00","$0.47","9.4%"
"Virgin Lychee Spritz","Beverage","COMPLETE","$5.00","$0.41","8.12%"
"Georgia Peach Shot","Shots","COMPLETE","$7.00","$1.33","18.98%"
"Cinnamon Old Fashioned","Cocktails","COMPLETE","$13.00","$3.14","24.18%"
"Rhinegeist Tart Cherry Bubbles","Draft Beer","COMPLETE","$8.50","$1.72","20.3%"
"Founders All Day West Coast Ipa","Draft Beer","COMPLETE","--","$1.40",""
"Pipeworks Blizzard King","Draft Beer","COMPLETE","$9.00","$1.98","22%"
"Revolution Fistmas","Draft Beer","COMPLETE","--","$1.54",""
"Absolut Vodkarita","Bottle Beer","COMPLETE","--","$2.20",""
"Absolut Mango Mule","Bottle Beer","COMPLETE","$9.00","$2.20","24.44%"
"Warpigs Waking the Witch","Draft Beer","COMPLETE","$7.00","$1.54","22%"
"Avery Ellie'S Brown Ale","Draft Beer","COMPLETE","$6.50","$1.50","23.08%"
"Revolution Fistmas","Draft Beer","COMPLETE","$6.00","$1.54","25.67%"
"Surly Double Bladed Axe Man","Draft Beer","COMPLETE","--","$2.12",""
"Blind Corner Split Timber","Draft Beer","COMPLETE","--","$1.88",""
"Chocolate Cake Shot","Shots","COMPLETE","$7.50","$0.90","12.07%"
"400 Conejos Martini","Liquor","COMPLETE","--","$2.93",""
"Well Rum Double","Liquor","COMPLETE","$9.75","$0.57","5.88%"
"Bacardi Neat","Liquor","COMPLETE","$10.75","$1.23","11.44%"
"Captain Morgan Neat","Liquor","COMPLETE","$10.75","$1.54","14.29%"
"Well Rum Neat","Liquor","COMPLETE","$9.00","$0.46","5.09%"
"RumChata Neat","Liquor","COMPLETE","$9.25","$1.60","17.3%"
"Malibu Martini","Liquor","COMPLETE","$12.75","$2.02","15.86%"
"Myer's Dark Martini","Liquor","COMPLETE","$13.50","$2.66","19.73%"
"Bacardi Martini","Liquor","COMPLETE","$13.50","$1.84","13.66%"
"RumChata Martini","Liquor","COMPLETE","$11.75","$2.40","20.43%"
"Captain Morgan Martini","Liquor","COMPLETE","$13.50","$2.30","17.07%"
"RumChata Double","Liquor","COMPLETE","$10.00","$2.00","20%"
"Myer's Dark Neat","Liquor","COMPLETE","$10.50","$1.78","16.91%"
"Malibu Double","Liquor","COMPLETE","$11.00","$1.68","15.32%"
"Myer's Dark Double","Liquor","COMPLETE","$11.75","$2.22","18.89%"
"Bacardi Double","Liquor","COMPLETE","$11.75","$1.54","13.08%"
"Captain Morgan Double","Liquor","COMPLETE","$11.75","$1.92","16.35%"
"Malibu Neat","Liquor","COMPLETE","$10.00","$1.35","13.48%"
"Bombay Sapphire Martini","Liquor","COMPLETE","$15.00","$2.84","18.93%"
"Sambuca Double","Liquor","COMPLETE","$11.00","$2.43","22.11%"
"Bailey's Double","Liquor","COMPLETE","$11.25","$2.92","25.97%"
"Rumple Minze Double","Liquor","COMPLETE","$11.00","$2.57","23.39%"
"Hennesy Privilege Double","Liquor","COMPLETE","$17.00","$3.74","22.03%"
"Grand Marnier Double","Liquor","COMPLETE","$11.75","$0.22","1.92%"
"Malort Double","Liquor","COMPLETE","$9.00","$1.57","17.5%"
"Cointreau Double","Liquor","COMPLETE","$11.00","$2.18","19.83%"
"Mr. Black Cold Brew Double","Liquor","COMPLETE","$11.00","$2.44","22.18%"
"Drambuie Double","Liquor","COMPLETE","--","$3.33",""
"Sambuca Black Double","Liquor","COMPLETE","$11.00","$2.43","22.11%"
"Campari Double","Liquor","COMPLETE","$11.25","$2.64","23.49%"
"Sambuca Black Neat","Liquor","COMPLETE","$10.00","$1.94","19.46%"
"St. Germain Neat","Liquor","COMPLETE","$8.75","$1.91","21.81%"
"Kahlua Neat","Liquor","COMPLETE","$9.00","$1.91","21.22%"
"Malort Neat","Liquor","COMPLETE","$8.25","$1.26","15.27%"
"Rumple Minze Neat","Liquor","COMPLETE","$10.00","$2.06","20.58%"
"Midori Neat","Liquor","COMPLETE","--","$1.53",""
"Triple Sec Neat","Liquor","COMPLETE","$8.75","$0.36","4.06%"
"Razzmatazz Neat","Liquor","COMPLETE","$8.75","$0.71","8.14%"
"Peach Schnapps Neat","Liquor","COMPLETE","$8.75","$0.47","5.41%"
"Campari Neat","Liquor","COMPLETE","$10.00","$2.11","21.14%"
"Sambuca Neat","Liquor","COMPLETE","$10.00","$1.94","19.46%"
"Sour Apple Neat","Liquor","COMPLETE","$8.75","$0.66","7.6%"
"Mr. Black Cold Brew Neat","Liquor","COMPLETE","$10.00","$1.95","19.52%"
"Grand Marnier Neat","Liquor","COMPLETE","$10.25","$0.18","1.76%"
"Frangelico Neat","Liquor","COMPLETE","$9.00","$2.27","25.18%"
"Butterscotch Schnapps Neat","Liquor","COMPLETE","$8.75","$0.80","9.15%"
"Blue Curacao Neat","Liquor","COMPLETE","$8.75","$0.89","10.17%"
"Apple Pucker Neat","Liquor","COMPLETE","$8.75","$0.66","7.6%"
"Cointreau Neat","Liquor","COMPLETE","$10.00","$1.74","17.45%"
"Bailey's Neat","Liquor","COMPLETE","$10.00","$2.34","23.37%"
"Amaretto Neat","Liquor","COMPLETE","$8.75","$0.93","10.67%"
"Grand Marnier","Liquor","COMPLETE","$9.00","$0.14","1.5%"
"Patron Silver Double","Liquor","COMPLETE","$14.50","$3.82","26.38%"
"El Bandido Reposado Double","Liquor","COMPLETE","$14.50","$3.10","21.42%"
"Patron Extra Anejo Double","Liquor","COMPLETE","--","$6.65",""
"Well Tequila Double","Liquor","COMPLETE","$10.50","$1.00","9.5%"
"Espolon Blanco Double","Liquor","COMPLETE","$11.75","$2.07","17.66%"
"Don Julio Blanco Double","Liquor","COMPLETE","$17.00","$4.44","26.14%"
"Ocho Plata Double","Liquor","COMPLETE","$13.75","$4.21","30.59%"
"Don Julio Reposado Double","Liquor","COMPLETE","$18.25","$4.70","25.75%"
"Ocho Reposado Double","Liquor","COMPLETE","$17.00","$0.75","4.42%"
"Espolon Blanco Neat","Liquor","COMPLETE","$10.50","$1.66","15.81%"
"Espolon Reposado Neat","Liquor","COMPLETE","$11.75","$1.66","14.12%"
"El Bandido Reposado Neat","Liquor","COMPLETE","$13.00","$2.48","19.11%"
"Patron Extra Anejo Neat","Liquor","COMPLETE","--","$5.32",""
"El Bandido Blanco Neat","Liquor","COMPLETE","$12.00","$2.40","20.04%"
"Patron Silver Neat","Liquor","COMPLETE","$13.00","$3.06","23.54%"
"Don Julio Blanco Neat","Liquor","COMPLETE","$15.50","$3.56","22.94%"
"Ilegal Mezcal Neat","Liquor","COMPLETE","$12.00","$0.14","1.13%"
"Ocho Reposado Neat","Liquor","COMPLETE","$15.50","$0.60","3.88%"
"Well Tequila Neat","Liquor","COMPLETE","$9.50","$0.80","8.4%"
"Don Julio Reposado Neat","Liquor","COMPLETE","$16.75","$3.76","22.44%"
"Ocho Plata Neat","Liquor","COMPLETE","$12.50","$3.36","26.92%"
"Patron Extra Anejo","Liquor","COMPLETE","--","$3.99",""
"Well Rum Martini","Liquor","COMPLETE","$11.50","$0.69","5.98%"
"Well Gin Martini","Liquor","COMPLETE","$11.50","$0.62","5.4%"
"Hendrick's Double","Liquor","COMPLETE","$14.50","$2.66","18.36%"
"Well Gin Double","Liquor","COMPLETE","$10.00","$0.52","5.18%"
"Mcqueen Gin Double","Liquor","COMPLETE","$13.75","$2.96","21.51%"
"Florence Fields Double","Liquor","COMPLETE","$13.75","$2.46","17.92%"
"Tanqueray Double","Liquor","COMPLETE","$12.50","$2.42","19.33%"
"Bombay Sapphire Neat","Liquor","COMPLETE","$12.00","$1.89","15.77%"
"Bombay Bramble Neat","Liquor","COMPLETE","--","$1.68",""
"Well Gin Neat","Liquor","COMPLETE","$9.25","$0.41","4.48%"
"Florence Fields Neat","Liquor","COMPLETE","$12.50","$1.97","15.77%"
"Hendrick's Neat","Liquor","COMPLETE","$13.00","$2.13","16.38%"
"Tanqueray Neat","Liquor","COMPLETE","$11.25","$1.93","17.18%"
"McQueen Neat","Liquor","COMPLETE","$12.50","$2.36","18.93%"
"Well Vodka Martini","Liquor","COMPLETE","$11.75","$0.52","4.46%"
"Deep Eddie Orange Martini","Liquor","COMPLETE","$13.25","$2.08","15.71%"
"Tito's Martini","Liquor","COMPLETE","$14.00","$1.77","12.67%"
"Deep Eddy Martini","Liquor","COMPLETE","$13.25","$2.08","15.71%"
"Deep Eddie Lime Martini","Liquor","COMPLETE","$13.25","$2.08","15.71%"
"Three Olives Espresso Double","Liquor","COMPLETE","$11.75","$0.78","6.61%"
"Well Vodka Double","Liquor","COMPLETE","$10.00","$0.44","4.36%"
"Three Olives Cherry Double","Liquor","COMPLETE","$11.75","$0.78","6.61%"
"Three Olives Orange Double","Liquor","COMPLETE","$11.75","$0.78","6.61%"
"Three Olives Raspberry Double","Liquor","COMPLETE","$11.75","$0.78","6.61%"
"Three Olives Vanilla Double","Liquor","COMPLETE","$11.75","$0.78","6.61%"
"Absolut Double","Liquor","COMPLETE","--","$2.11",""
"Deep Eddie Orange Double","Liquor","COMPLETE","$11.50","$1.73","15.08%"
"Deep Eddy Pineapple Double","Liquor","COMPLETE","$11.50","$1.73","15.08%"
"Grey Goose Double","Liquor","COMPLETE","$15.00","$0.17","1.13%"
"Belvedere Double","Liquor","COMPLETE","--","$3.41",""
"Tito's Double","Liquor","COMPLETE","$12.00","$1.48","12.32%"
"Three Olives Citrus Double","Liquor","COMPLETE","$11.75","$0.18","1.58%"
"Deep Eddie Lime Double","Liquor","COMPLETE","$11.50","$1.73","15.08%"
"Belvedere Neat","Liquor","COMPLETE","--","$2.72",""
"Tito's Neat","Liquor","COMPLETE","$10.50","$1.18","11.27%"
"Well Vodka Neat","Liquor","COMPLETE","$9.25","$0.35","3.77%"
"Ketel One Citron Neat","Liquor","COMPLETE","$12.00","$2.11","17.61%"
"Three Olives Vanilla Neat","Liquor","COMPLETE","$10.50","$0.62","5.91%"
"Absolut Neat","Liquor","COMPLETE","--","$1.69",""
"Three Olives Espresso Neat","Liquor","COMPLETE","$10.50","$0.62","5.91%"
"Grey Goose Neat","Liquor","COMPLETE","$13.75","$0.14","0.98%"
"Ketel One Oranje Neat","Liquor","COMPLETE","$12.00","$2.11","17.61%"
"Deep Eddy Pineapple Neat","Liquor","COMPLETE","$10.50","$1.39","13.22%"
"Three Olives Raspberry Neat","Liquor","COMPLETE","$10.50","$0.62","5.91%"
"Three Olives Cherry Neat","Liquor","COMPLETE","$10.50","$0.62","5.91%"
"Three Olives Orange Neat","Liquor","COMPLETE","$10.50","$0.62","5.91%"
"Three Olives Citrus Neat","Liquor","COMPLETE","$10.50","$0.15","1.41%"
"Deep Eddie Lime Neat","Liquor","COMPLETE","$10.50","$1.39","13.22%"
"Ketel One Neat","Liquor","COMPLETE","$12.00","$1.99","16.58%"
"Deep Eddy Orange Neat","Liquor","COMPLETE","$10.50","$1.39","13.22%"
"Glenfiddich 18 Year Martini","Liquor","COMPLETE","$19.50","$13.57","69.61%"
"Glenlivet 15 Year Double","Liquor","COMPLETE","$18.50","$5.21","28.17%"
"Johnnie Walker Black Martini","Liquor","COMPLETE","$16.50","$4.24","25.67%"
"Dewars Double","Liquor","COMPLETE","$12.50","$2.32","18.61%"
"Chivas Regal 12 Year Double","Liquor","DRAFT","$14.50","$0.00",""
"Johnnie Walker Black Double","Liquor","COMPLETE","$14.50","$3.53","24.34%"
"Glenlivet 15 Year Neat","Liquor","COMPLETE","$16.75","$4.17","24.89%"
"Dewars Neat","Liquor","COMPLETE","$11.25","$1.86","16.54%"
"Johnnie Walker Black Neat","Liquor","COMPLETE","$13.00","$2.82","21.72%"
"Johnnie Walker Red Neat","Liquor","COMPLETE","$11.75","$1.85","15.78%"
"Bushmills Martini","Liquor","COMPLETE","$13.25","$2.13","16.07%"
"Jim Beam Martini","Liquor","COMPLETE","$12.50","$2.24","17.89%"
"Skrewball Peanut Butter Double","Liquor","COMPLETE","$11.75","$2.94","25.04%"
"Southern Comfort Double","Liquor","COMPLETE","$11.00","$1.65","14.97%"
"Bushmills Double","Liquor","COMPLETE","$11.50","$1.77","15.43%"
"Tullamore Dew Double","Liquor","COMPLETE","$11.00","$2.15","19.57%"
"Jim Beam Double","Liquor","COMPLETE","$10.75","$1.86","17.34%"
"Jameson Orange Double","Liquor","COMPLETE","$12.50","$2.68","21.47%"
"Angel's Envy Double","Liquor","COMPLETE","$19.00","$3.56","18.74%"
"Jack Fire Double","Liquor","COMPLETE","$11.00","$2.61","23.73%"
"Jack Honey Double","Liquor","COMPLETE","$11.25","$2.61","23.18%"
"Teeling Small Batch Double","Liquor","COMPLETE","$15.75","$4.93","31.29%"
"Jack Blackberry Double","Liquor","COMPLETE","$11.00","$2.65","24.06%"
"Elijah Craig Rye Double","Liquor","COMPLETE","$13.75","$2.31","16.78%"
"Crown Royal Double","Liquor","COMPLETE","$11.75","$2.56","21.83%"
"Seagrams VO Double","Liquor","COMPLETE","$11.00","$1.70","15.46%"
"Wolf Point Bourbon Double","Liquor","COMPLETE","$14.50","$3.35","23.11%"
"Crown Royal Apple Double","Liquor","COMPLETE","$11.75","$2.75","23.38%"
"Bulleit Rye Double","Liquor","COMPLETE","$14.50","$3.11","21.46%"
"Sazerac Rye Double","Liquor","COMPLETE","$13.75","$1.72","12.55%"
"Bulleit Double","Liquor","COMPLETE","$14.50","$3.11","21.46%"
"Jack Daniel's Double","Liquor","COMPLETE","$11.75","$2.29","19.5%"
"Elijah Craig Double","Liquor","COMPLETE","$13.75","$0.01","0.1%"
"Old Forester Statesman Double","Liquor","COMPLETE","$14.50","$4.26","29.38%"
"Seagrams 7 Double","Liquor","COMPLETE","$11.00","$1.69","15.36%"
"Well Whiskey Double","Liquor","COMPLETE","$10.50","$0.60","5.71%"
"Buffalo Trace Double","Liquor","COMPLETE","$15.75","$1.96","12.44%"
"Old Forester Signature Double","Liquor","COMPLETE","$11.75","$1.80","15.3%"
"Jameson Double","Liquor","COMPLETE","$12.50","$2.51","20.11%"
"Teeling Single Barrel Double","Liquor","COMPLETE","$18.25","$4.93","27.01%"
"Basil Hayden's Double","Liquor","COMPLETE","$15.75","$3.86","24.55%"
"FEW Bourbon Double","Liquor","COMPLETE","$14.50","$2.96","20.4%"
"Jameson Neat","Liquor","COMPLETE","$11.25","$2.01","17.88%"
"Fireball Neat","Liquor","COMPLETE","$9.00","$1.32","14.65%"
"Old Forester Statesman Neat","Liquor","COMPLETE","$13.00","$3.41","26.21%"
"Teeling Single Barrel Neat","Liquor","COMPLETE","$16.50","$3.94","23.9%"
"Tullamore Dew Neat","Liquor","COMPLETE","$10.75","$1.72","16.02%"
"Crown Royal Apple Neat","Liquor","COMPLETE","$10.75","$2.20","20.44%"
"Angel's Envy Neat","Liquor","COMPLETE","$17.25","$2.85","16.52%"
"Three Floyd's Bubblegumhead Neat","Liquor","COMPLETE","--","$2.19",""
"Well Whiskey Neat","Liquor","COMPLETE","$9.50","$0.48","5.04%"
"FEW Bourbon Neat","Liquor","COMPLETE","$13.00","$2.36","18.2%"
"Elijah Craig Rye Neat","Liquor","COMPLETE","$12.50","$1.84","14.77%"
"Seagrams 7 Neat","Liquor","COMPLETE","$10.00","$1.35","13.52%"
"Crown Royal Neat","Liquor","COMPLETE","$10.75","$2.05","19.09%"
"Teeling Small Batch Neat","Liquor","COMPLETE","$14.25","$2.74","19.21%"
"Jefferson's Ocean Aged Neat","Liquor","COMPLETE","$23.75","$5.50","23.17%"
"Bulleit Rye Neat","Liquor","COMPLETE","$13.00","$2.49","19.14%"
"Seagrams VO Neat","Liquor","COMPLETE","$10.00","$1.36","13.6%"
"Jack Fire Neat","Liquor","COMPLETE","$10.00","$2.09","20.88%"
"Jack Honey Neat","Liquor","COMPLETE","$10.00","$2.09","20.87%"
"Jack Blackberry Neat","Liquor","COMPLETE","$10.00","$2.12","21.17%"
"Sazerac Rye Neat","Liquor","COMPLETE","$12.50","$1.38","11.04%"
"Southern Comfort Neat","Liquor","COMPLETE","$10.00","$1.32","13.18%"
"Jim Beam Neat","Liquor","COMPLETE","$9.75","$1.49","15.29%"
"Old Forester Signature Neat","Liquor","COMPLETE","$10.75","$1.44","13.38%"
"Bulleit Neat","Liquor","COMPLETE","$13.00","$2.49","19.14%"
"Jameson Orange Neat","Liquor","COMPLETE","$11.25","$2.15","19.08%"
"Jack Daniel's Neat","Liquor","COMPLETE","$10.75","$1.83","17.06%"
"Woodford Dbl Oaked Neat","Liquor","COMPLETE","--","$3.34",""
"Skrewball Peanut Butter Neat","Liquor","COMPLETE","$10.75","$2.35","21.89%"
"Maker's Mark Neat","Liquor","COMPLETE","$12.00","$2.24","18.65%"
"Jefferson's Neat","Liquor","COMPLETE","$12.00","$2.54","21.19%"
"Elijah Craig Neat","Liquor","COMPLETE","$12.50","$0.01","0.09%"
"Bushmills Neat","Liquor","COMPLETE","$10.50","$1.42","13.52%"
"Jameson Black Barrel Neat","Liquor","COMPLETE","--","$2.49",""
"Wolf Point Bourbon Neat","Liquor","COMPLETE","$13.75","$2.68","19.5%"
"Basil Hayden's Neat","Liquor","COMPLETE","$14.25","$3.09","21.7%"
"Buffalo Trace Neat","Liquor","COMPLETE","$14.25","$1.57","11%"
"Maplewood Krispy Cakes","Draft Beer","COMPLETE","--","$1.43",""
"Warpigs Waking The Witch","Draft Beer","COMPLETE","--","$1.54",""
"3 Floyd's Calumet Khan","Draft Beer","COMPLETE","--","$1.26",""
"Blind Corner Rapid Liberties","Draft Beer","COMPLETE","--","$1.97",""
"White Christmas","Cocktails","COMPLETE","$11.00","$2.43","22.13%"
"Daura Damn Lager","Bottle Beer","COMPLETE","$8.00","$1.48","18.49%"
"Sketchbook No Parking","Draft Beer","COMPLETE","--","$1.44",""
"Ciderboys Cran Razz","Bottle Beer","COMPLETE","$7.00","$1.50","21.37%"
"3 Floyds Permanent Funeral","Draft Beer","COMPLETE","--","$1.88",""
"Weds Strawberry Spritz","Cocktails","COMPLETE","$5.00","$2.10","42.1%"
"Weds Fresco Spritz","Cocktails","COMPLETE","$5.00","$1.15","23.04%"
"Weds Lychee Spritz","Cocktails","COMPLETE","$5.00","$0.84","16.79%"
"Weds Aperol Spritz","Cocktails","COMPLETE","$5.00","$1.48","29.57%"
"Guinness N/A","Bottle Beer","COMPLETE","--","$1.79",""
"Strawberry Spritz","Cocktails","COMPLETE","$11.00","$1.67","15.19%"
"Brunch Mimosa","Wine","COMPLETE","$6.00","$1.23","20.55%"
"Mimosa","Cocktails","COMPLETE","$10.00","$1.23","12.33%"
"Coors Banquet","Bottle Beer","COMPLETE","$4.00","$0.96","24.11%"
"Goose Island Hazy Beer Hug","Draft Beer","COMPLETE","$7.00","$1.58","22.58%"
"Cranberry Margarita","Cocktails","COMPLETE","--","$3.54",""
"Angel's Envy","Liquor","COMPLETE","$14.50","$2.14","14.74%"
"Eagle Park Spekto Kooler","Draft Beer","COMPLETE","--","$1.70",""
"Schlitz Tall Boy CAN","Bottle Beer","COMPLETE","--","$0.89",""
"Goose Island Sophie","Draft Beer","COMPLETE","--","$1.58",""
"Coconut Caramel Cookie Shot","Shots","COMPLETE","$7.00","$2.22","31.79%"
"Crispy Buffalo Chicken Salad","Salads","COMPLETE","--","$2.69",""
"Sugar Cookie Martini","Cocktails","COMPLETE","--","$2.14",""
"Maplewood Son Of Juice","Draft Beer","COMPLETE","--","$1.72",""
"Kirin Ichiban","Draft Beer","COMPLETE","--","$0.91",""
"Golden Road Mango Cart","Draft Beer","COMPLETE","$6.50","$1.49","22.95%"
"Alter S'Mores Wedda","Draft Beer","COMPLETE","$6.50","$1.48","22.8%"
"Cali Red Sangria","Cocktails","COMPLETE","N/A","$1.26",""
"Revolution Cold Time","Draft Beer","COMPLETE","$6.00","$1.33","22.16%"
"Maker's Mark Martini","Liquor","COMPLETE","$15.00","$3.36","22.38%"
"Maker's Mark Double","Liquor","COMPLETE","$13.00","$2.80","21.51%"
"Maker's Mark","Liquor","COMPLETE","$10.00","$1.68","16.78%"
"Jack Honey Martini","Liquor","COMPLETE","$12.75","$3.13","24.55%"
"Jack Honey","Liquor","COMPLETE","$8.50","$1.56","18.41%"
"Hendrick's","Liquor","COMPLETE","$11.00","$1.60","14.52%"
"Stella Artois N/A","Draft Beer","COMPLETE","$7.00","$1.39","19.82%"
"Pacifico Draft","Draft Beer","COMPLETE","--","$0.89",""
"Corona Premier","Draft Beer","COMPLETE","--","$1.01",""
"Blind Corner Drop Ride","Draft Beer","COMPLETE","--","$1.71",""
"Spicy Hawaiian Burger","Burgers","COMPLETE","--","$1.50",""
"Cupcake Moscato","Wine","COMPLETE","--","$1.66",""
"Silk And Spice Red Blend","Wine","COMPLETE","$5.00","$1.77","35.49%"
"Alaskan Amber","Draft Beer","COMPLETE","--","$1.49",""
"Abita Purple Haze","Draft Beer","COMPLETE","--","$1.34",""
"Half Acre Far Star","Draft Beer","COMPLETE","$7.00","$1.53","21.86%"
"Three Floyds Alpha King","Draft Beer","COMPLETE","--","$1.54",""
"WEDS Sangria White","Wine","COMPLETE","$5.50","$1.59","28.85%"
"WEDS Sangria Red","Wine","COMPLETE","$5.50","$1.65","29.93%"
"Lychee Spritz","Cocktails","COMPLETE","$11.00","$1.74","15.84%"
"Tues Modelo","Draft Beer","COMPLETE","$5.00","$1.55","31.06%"
"Virgin Bloody Mary","Beverage","COMPLETE","$5.00","$1.23","24.58%"
"Tues Krombacher","Draft Beer","COMPLETE","$5.00","$1.94","38.89%"
"Thurs Busch Light Tall Boy","Bottle Beer","COMPLETE","$4.00","$0.90","22.55%"
"Thurs Bud Light TALL","Bottle Beer","COMPLETE","$4.00","$1.27","31.87%"
"Lambrusco Spritz","Cocktails","COMPLETE","$12.00","$1.59","13.29%"
"Daura IPA GF","Bottle Beer","COMPLETE","$8.00","$1.48","18.49%"
"Shrimp Fajita Wrap","Not Burgers","COMPLETE","--","$3.74",""
"Kids Pepperoni Pizza","Kids Menu","COMPLETE","--","$1.63",""
"Kids Cheese Pizza","Kids Menu","COMPLETE","--","$1.98",""
"Oatmeal Cookie","Shots","COMPLETE","$7.00","$1.37","19.58%"
"KIDS Mini Quesadilla","Kids Menu","COMPLETE","$7.00","$1.03","14.75%"
"KIDS Grilled Cheese","Kids Menu","COMPLETE","$7.00","$0.75","10.68%"
"Pub Chili Fries","Not Burgers","COMPLETE","$11.00","$2.26","20.51%"
"KIDS Hot Dog","Kids Menu","COMPLETE","$8.00","$2.28","28.57%"
"KIDS Mini Burgers","Kids Menu","COMPLETE","$10.00","$1.80","18.02%"
"KIDS Chicken Fingers","Kids Menu","COMPLETE","$9.00","$1.50","16.68%"
"Carbliss Cranberry","Bottle Beer","COMPLETE","$7.00","$2.25","32.14%"
"Carbliss Lime","Bottle Beer","COMPLETE","--","$2.00",""
"Cucumber Salad","Sides","COMPLETE","$5.00","$0.77","15.35%"
"Loco Shrimp Tacos","Not Burgers","COMPLETE","$17.00","$3.18","18.68%"
"Roux","Roux","COMPLETE","N/A","$11.62",""
"Country Bloomin'","Burgers","COMPLETE","$0.00","$0.80",""
"Farmhouse Flatbread","Brunch","COMPLETE","$15.00","$3.80","25.32%"
"Margherita Flatbread","Flatbreads","COMPLETE","$13.00","$3.46","26.6%"
"BBQ Chicken Flatbread","Flatbreads","COMPLETE","$14.00","$3.18","22.75%"
"Nashville Hot Chicken Sandwich","Not Burgers","COMPLETE","$18.00","$23.59","131.07%"
"House Wet Dredge","--","DRAFT","N/A","$4.39",""
"Blackened Chicken Sliders","Not Burgers","COMPLETE","$16.00","$2.94","18.36%"
"Chicken Wings","Appetizers","COMPLETE","$14.00","$2.10","15.04%"
"Cheese Curds","Appetizers","COMPLETE","$11.00","$2.51","22.84%"
"Marinara sauce","Sauces - Warm","COMPLETE","N/A","$20.35",""
"Swamp Thing","Cocktails","COMPLETE","--","$0.80",""
"Nightshade","Cocktails","COMPLETE","--","$0.61",""
"Goulberry Glow","Cocktails","COMPLETE","--","$1.12",""
"Phase Three Swells","Draft Beer","COMPLETE","--","$2.08",""
"Founder Rubaeus","Draft Beer","COMPLETE","--","$1.61",""
"Warpigs Mussel Beach","Draft Beer","COMPLETE","--","$1.37",""
"Avery Kaiser","Draft Beer","COMPLETE","--","$1.69",""
"Revolution Oktoberfest","Draft Beer","COMPLETE","--","$1.54",""
"Two Brothers Heavy Handed","Draft Beer","COMPLETE","--","$1.58",""
"Half Acre Smoking Gull","Draft Beer","COMPLETE","--","$2.10",""
"Ace Guava","Draft Beer","COMPLETE","--","$1.69",""
"Hopewell Bound IPA","Draft Beer","COMPLETE","--","$1.76",""
"Deschutes Fresh Squeezed IPA","Draft Beer","COMPLETE","--","$1.43",""
"Bacon Wrapped Dates","Appetizers","COMPLETE","$13.00","$2.62","20.19%"
"Beer Cheese Sauce","Sauces - Warm","COMPLETE","N/A","$34.44",""
"Alter Oktoberfest","Draft Beer","COMPLETE","--","$2.23",""
"Avery Maharaja","Draft Beer","COMPLETE","--","$1.89",""
"Heart Attack","Burgers","COMPLETE","--","$0.99",""
"Rouge Hazelnut Brown Nectar","Draft Beer","COMPLETE","--","$1.43",""
"Bulleit Bourbon","Burgers","COMPLETE","$0.00","$0.96",""
"Alter Rally Point","Draft Beer","COMPLETE","--","$1.48",""
"Blind Corner Freq Freak","Draft Beer","COMPLETE","--","$1.89",""
"Hopewell Winter Lager","Draft Beer","COMPLETE","--","$1.52",""
"Blue Moon","Draft Beer","COMPLETE","--","$1.48",""
"Tighthead Scarlet Red","Draft Beer","COMPLETE","--","$2.18",""
"Ciderboys Grand Mimosa","Bottle Beer","COMPLETE","$7.00","$1.50","21.37%"
"Ciderboys Blackberry","Draft Beer","COMPLETE","$6.00","$1.31","21.9%"
"TO GO PBR 16 oz CAN","Bottle Beer","COMPLETE","$5.00","$0.94","18.75%"
"TO GO Old Style 16oz CAN","Bottle Beer","COMPLETE","$4.50","$0.94","20.83%"
"TO GO Coors LIGHT CAN","Bottle Beer","COMPLETE","$4.50","$0.00",""
"TO GO Miller Lite 16oz CAN","Bottle Beer","COMPLETE","$4.50","$1.00","22.22%"
"TO GO Bud Light CAN","Bottle Beer","COMPLETE","$4.50","$1.27","28.33%"
"TO GO 6-Pack PBR","Bottle Beer","COMPLETE","$20.00","$5.62","28.12%"
"TO GO 6-Pack Old Style","Bottle Beer","COMPLETE","$20.00","$5.62","28.12%"
"TO GO 6-Pack Miller Lite","Bottle Beer","COMPLETE","$20.00","$6.21","31.06%"
"TO GO 6-Pack Coors Light","Bottle Beer","COMPLETE","$20.00","$1.00","5%"
"Sour Apple Martini","Liquor","COMPLETE","$11.25","$1.00","8.87%"
"Sour Apple Double","Liquor","COMPLETE","$9.75","$0.83","8.53%"
"Sour Apple","Liquor","COMPLETE","$7.50","$0.50","6.65%"
"O'Learys Cinnamon Vodka","Liquor","COMPLETE","$8.00","$0.57","7.1%"
"Old Forester Statesman Martini","Liquor","COMPLETE","$16.50","$5.11","30.98%"
"Old Forester Statesman","Liquor","COMPLETE","$11.00","$2.56","23.23%"
"Old Forester Signature Martini","Liquor","COMPLETE","$13.50","$2.16","15.98%"
"Old Forester Signature","Liquor","COMPLETE","$9.00","$1.08","11.98%"
"Jack Blackberry Martini","Liquor","COMPLETE","$12.75","$3.18","24.9%"
"Jack Blackberry","Liquor","COMPLETE","$8.50","$1.59","18.68%"
"Goldschlager","Liquor","COMPLETE","$8.00","$0.00",""
"El Bandido Reposado Martini","Liquor","COMPLETE","$16.50","$3.73","22.58%"
"El Bandido Blanco Martini","Liquor","COMPLETE","$15.00","$3.61","24.05%"
"Carbliss Watermelon","Bottle Beer","COMPLETE","--","$2.25",""
"Carbliss Peach","Bottle Beer","COMPLETE","$7.00","$2.25","32.14%"
"Busch Light Tall Boy CAN","Bottle Beer","COMPLETE","$4.00","$0.90","22.55%"
"Buttery Nipple","Liquor","COMPLETE","$7.50","$0.98","13.13%"
"Basil Hayden's Martini","Liquor","COMPLETE","$18.00","$4.64","25.77%"
"Basil Hayden's","Liquor","COMPLETE","$12.00","$2.32","19.33%"
"Toppling Goliath Dino Break","Draft Beer","COMPLETE","--","$2.86",""
"3 Floyd's Zombie Dust","Draft Beer","COMPLETE","--","$1.70",""
"Fried Pickles Prep","Appetizers","DRAFT","N/A","$4.80",""
"Thousand Island","Dressings","COMPLETE","N/A","$4.24",""
"Pub Sliders","Not Burgers","COMPLETE","$16.00","$2.66","16.64%"
"Chicken Strip Prep","Not Burgers","DRAFT","N/A","$0.00",""
"Fried Pickle Breading","Seasonings and Rubs","COMPLETE","N/A","$5.01",""
"Fried Tomato","Burgers","COMPLETE","N/A","$0.19",""
"Herb Aioli","Sauces - Cold","COMPLETE","N/A","$6.12",""
"Cheese Curd Prep","Appetizers","COMPLETE","N/A","$2.64",""
"Donut Prep","Brunch","COMPLETE","N/A","$4.90",""
"Pub Donuts","Brunch","COMPLETE","$7.00","$1.81","25.84%"
"Pub Chili","Prep Recipes","COMPLETE","N/A","$51.50",""
"Fireball Apple Neat","Liquor","COMPLETE","$0.00","$1.26",""
"Fireball Apple Shot","Liquor","COMPLETE","$7.50","$0.94","12.6%"
"Fireball Apple Martini","Liquor","COMPLETE","$0.00","$1.89",""
"Fireball Apple Double","Liquor","COMPLETE","$0.00","$1.57",""
"Spaghetti and Meatballs","Not Burgers","COMPLETE","--","$4.24",""
"Fireball Apple","Liquor","COMPLETE","$7.50","$0.94","12.6%"
"Jefferson's Martini","Liquor","COMPLETE","$15.00","$3.81","25.43%"
"Jefferson's Double","Liquor","COMPLETE","$13.00","$3.18","24.46%"
"Jefferson's","Liquor","COMPLETE","$10.00","$1.91","19.07%"
"Fried Mac and Cheese Patty","Prep Recipes","COMPLETE","N/A","$7.04",""
"Deep Eddy Pineapple","Liquor","COMPLETE","$8.75","$1.04","11.89%"
"Deep Eddy Orange","Liquor","COMPLETE","$8.75","$1.04","11.89%"
"Witches Brew Shot","Cocktails","COMPLETE","--","$0.71",""
"Boo Berry Margarita","Cocktails","COMPLETE","--","$3.45",""
"Meatballs","Prep Recipes","COMPLETE","N/A","$14.22",""
"Ciderboys Pumpkin Spice","Bottle Beer","COMPLETE","--","$1.50",""
"Offcolor Pumpkin Beer for Cafes","Bottle Beer","COMPLETE","--","$2.18",""
"Founders Mortal Bloom","Draft Beer","COMPLETE","--","$1.49",""
"Goose Island Riverbird","Draft Beer","COMPLETE","$7.00","$1.58","22.58%"
"Phase Three Pixel Density","Draft Beer","COMPLETE","--","$1.91",""
"Krombacher","Draft Beer","COMPLETE","$7.00","$1.70","24.3%"
"Eggs Benedict","Brunch","COMPLETE","$15.00","$3.49","23.24%"
"Chicken Caesar Wrap","Wraps","COMPLETE","$17.00","$2.63","15.5%"
"Big Kahuna Nachos","Appetizers","COMPLETE","$14.00","$3.64","25.97%"
"Nashville Hot Sauce","Sauces - Warm","COMPLETE","N/A","$8.16",""
"Slaw - Nashville Hot","Not Burgers","COMPLETE","N/A","$5.40",""
"Avocado Toast","Brunch","COMPLETE","$14.00","$2.66","19.02%"
"Hollandaise","Brunch","COMPLETE","N/A","$4.22",""
"3 Floyds Broo Doo","Draft Beer","COMPLETE","--","$2.07",""
"Lagunitas Hazy IPA","Draft Beer","COMPLETE","--","$1.53",""
"Founders Oktoberfest","Draft Beer","COMPLETE","--","$1.54",""
"3 Floyd's Munsterfest","Draft Beer","COMPLETE","--","$2.76",""
"Noon Whistle Daa Gummy","Draft Beer","COMPLETE","--","$1.73",""
"93 Octane Wingman","Draft Beer","COMPLETE","--","$1.36",""
"Yeungling Oktoberfest","Draft Beer","COMPLETE","--","$1.48",""
"Maplewood Fat Pug","Draft Beer","COMPLETE","--","$1.53",""
"Hopewell Oktoberfest","Draft Beer","COMPLETE","--","$2.37",""
"Allagash Haunted House","Draft Beer","COMPLETE","--","$2.57",""
"Goose Island Sofie","Draft Beer","COMPLETE","--","$1.58",""
"Destihl Wild Blueberry","Draft Beer","COMPLETE","--","$2.52",""
"Buffalo Chicken Wrap","Wraps","COMPLETE","$16.00","$1.97","12.31%"
"Chicken Strips","Not Burgers","COMPLETE","$13.00","$1.20","9.22%"
"Habanero Salsa","Sauces - Cold","COMPLETE","N/A","$5.53",""
"Guacamole","Prep Recipes","COMPLETE","N/A","$9.61",""
"Bells Oberon Eclipse","Draft Beer","COMPLETE","--","$1.66",""
"Stone Buenazesa","Draft Beer","COMPLETE","--","$1.17",""
"Spicy Tater Tots","Appetizers","COMPLETE","$13.00","$2.10","16.14%"
"Half Acre Slow Melt","Draft Beer","COMPLETE","--","$1.60",""
"Spinach Artichoke Dip Prep","Appetizers","COMPLETE","N/A","$36.54",""
"Spicy Thai Boneless Wings","Appetizers","COMPLETE","--","$2.23",""
"House Salad","Sides","COMPLETE","N/A","$0.88",""
"Hot Habanero Sauce","Sauces - Cold","COMPLETE","N/A","$29.72",""
"Spicy thai chili sauce","Sauces - Cold","COMPLETE","N/A","$12.89",""
"Turkey Club Concessions","Not Burgers","COMPLETE","$7.00","$1.28","18.27%"
"Noon Whistle Festbier","Draft Beer","COMPLETE","--","$2.11",""
"Founders All Day IPA","Draft Beer","COMPLETE","--","$1.40",""
"Ommegang Neon Rainbows","Draft Beer","COMPLETE","--","$1.60",""
"3 Floyds Turbo Reaper","Draft Beer","COMPLETE","--","$1.58",""
"Ace Pear","Draft Beer","COMPLETE","--","$1.99",""
"Toppling Goliath Oktoberfest","Draft Beer","COMPLETE","--","$1.66",""
"Half Acre Lagertown","Draft Beer","COMPLETE","--","$2.20",""
"Phase Three Day Drift","Draft Beer","COMPLETE","--","$2.18",""
"Cruz Blanca Mexico Calling","Draft Beer","COMPLETE","--","$1.45",""
"Goose Island Honkers","Draft Beer","COMPLETE","$7.00","$1.53","21.89%"
"Blind Corner Taper","Draft Beer","COMPLETE","--","$1.24",""
"War Pigs Foggy Geezer","Draft Beer","COMPLETE","$7.50","$1.68","22.42%"
"Pacifico Tall Boy","Bottle Beer","COMPLETE","$6.50","$1.64","25.32%"
"Dovetail Festweisen","Draft Beer","COMPLETE","--","$2.59",""
"Black Bean & Quinoa Veggie Patty","Burgers","COMPLETE","N/A","$24.32",""
"Church Street Blueberry Vanilla Sour","Draft Beer","COMPLETE","--","$1.85",""
"Phase Three Geo","Draft Beer","COMPLETE","--","$1.99",""
"Hopewell Going Places","Draft Beer","COMPLETE","--","$2.23",""
"Half Acre Bodem","Draft Beer","COMPLETE","$8.00","$2.25","28.16%"
"Chicken Breast Random 6 oz","Burgers","COMPLETE","N/A","$0.80",""
"Chicken Breast 6 oz","Burgers","COMPLETE","N/A","$1.52",""
"SauerKraut","Sides","COMPLETE","N/A","$17.49",""
"Patron Anejo Martini","Liquor","COMPLETE","--","$0.27",""
"CiderBoys Pear Naked","Draft Beer","COMPLETE","--","$1.40",""
"Spicy Blackberry Jam","Sauces - Cold","COMPLETE","N/A","$4.55",""
"Italian Sub","Not Burgers","COMPLETE","$17.00","$6.09","35.85%"
"Beer Cheese Pretzel Sticks","Appetizers","COMPLETE","$13.00","$3.44","26.44%"
"Spinach Artichoke Dip","Appetizers","COMPLETE","$13.00","$2.00","15.37%"
"Turkey Club","Burgers","COMPLETE","--","$2.73",""
"Three Olives Raspberry Martini","Liquor","COMPLETE","$13.50","$0.93","6.9%"
"Three Olives Raspberry","Liquor","COMPLETE","$9.00","$0.46","5.18%"
"Surfside Peach Tea","Bottle Beer","COMPLETE","$7.50","$1.75","23.33%"
"Sambuca Martini","Liquor","COMPLETE","$12.75","$2.92","22.89%"
"Sambuca Black Martini","Liquor","COMPLETE","$12.75","$2.92","22.89%"
"Sambuca Black","Liquor","COMPLETE","$8.50","$1.46","17.17%"
"Sambuca","Liquor","COMPLETE","$8.50","$1.46","17.17%"
"Nutrl Strawberry","Bottle Beer","COMPLETE","$7.00","$1.75","25%"
"Nutrl Black Cherry","Bottle Beer","COMPLETE","$7.00","$1.75","25%"
"N/A Michelob Ultra Zero","Bottle Beer","COMPLETE","$4.00","$0.90","22.55%"
"N/A Go Brewing New School Sour","Bottle Beer","COMPLETE","$7.50","$1.51","20.19%"
"Espresso Martini","Cocktails","COMPLETE","$12.00","$3.05","25.45%"
"$8 Espresso Martini","Cocktails","COMPLETE","--","$3.05",""
"Mr. Black Cold Brew Martini","Liquor","COMPLETE","$12.75","$2.93","22.96%"
"Mr. Black Cold Brew","Liquor","COMPLETE","$8.50","$1.46","17.22%"
"Miller Highlife","Bottle Beer","COMPLETE","$4.00","$0.87","21.77%"
"Half Acre Daisy Cutter CAN","Bottle Beer","COMPLETE","$10.00","$2.25","22.5%"
"El Bandido Blanco Double","Liquor","COMPLETE","$13.00","$3.01","23.13%"
"El Bandido Reposado","Liquor","COMPLETE","$11.00","$1.86","16.94%"
"El Bandido Blanco","Liquor","COMPLETE","$10.00","$1.80","18.04%"
"Ciderboys Peach County","Bottle Beer","COMPLETE","--","$1.75",""
"Ciderboys Imperial Strawberry CAN","Bottle Beer","COMPLETE","$8.50","$1.67","19.61%"
"Riunite Lambrusco","Wine","COMPLETE","$8.00","$1.85","23.18%"
"BTL Meiomi Pinot Noir","Wine","COMPLETE","--","$12.00",""
"Avissi Prosecco Split","Wine","COMPLETE","$12.00","$3.00","25%"
"$8 Aperol Spritz","Cocktails","COMPLETE","--","$2.13",""
"Bark At The Orange Moon","Cocktails","COMPLETE","--","$1.04",""
"Funnel Cake Fries","Dessert","COMPLETE","--","$1.84",""
"Cajun Fries","Sides","COMPLETE","$5.00","$2.04","40.81%"
"Truffle Parmesan Fries","Sides","COMPLETE","$7.00","$3.22","46.02%"
"Truffle Parmesan Fries","Sides","COMPLETE","N/A","$0.33",""
"Cajun Fries","Sides","COMPLETE","N/A","$0.21",""
"House Fries","Sides","COMPLETE","$5.00","$0.17","3.41%"
"Fries","Sides","COMPLETE","N/A","$0.17",""
"Bloody Maria","Cocktails","COMPLETE","$8.75","$0.70","8.06%"
"Berry Bourbon Smash","Cocktails","COMPLETE","$13.00","$3.45","26.54%"
"White Sangria","Cocktails","COMPLETE","$11.00","$1.59","14.42%"
"Shark Bite","Shots","COMPLETE","$7.25","$0.70","9.74%"
"Tighthead Chilly Water","Draft Beer","COMPLETE","--","$1.57",""
"Stella Artois Pale Lager","Draft Beer","COMPLETE","--","$1.55",""
"Eggplant Parmesan Sandwich","Not Burgers","DRAFT","--","$7.14",""
"Red Sangria","Cocktails","COMPLETE","$11.00","$1.65","14.96%"
"Caprese Salad","Salads","DRAFT","$13.00","$2.39","18.39%"
"Bourbon Bananas","Brunch","COMPLETE","N/A","$2.28",""
"Goat Cheese","Burgers","COMPLETE","$0.00","$0.86",""
"Drunken Pear","Burgers","COMPLETE","$0.00","$1.05",""
"Amaretto Sour","Cocktails","COMPLETE","$9.00","$1.00","11.06%"
"Bee's Knees","Cocktails","COMPLETE","$12.00","$2.20","18.38%"
"House Honey Syrup","Mixer","COMPLETE","N/A","$10.87",""
"Cherry Limeade","Cocktails","COMPLETE","$12.00","$1.83","15.24%"
"Honey Deuce","Cocktails","COMPLETE","$11.00","$0.48","4.35%"
"Chocolate Martini","Cocktails","COMPLETE","$14.00","$1.70","12.14%"
"Heart of the Ocean","Cocktails","COMPLETE","$12.00","$1.10","9.19%"
"Old Fashioned","Cocktails","COMPLETE","$10.00","$0.15","1.46%"
"Main St Punch","Cocktails","COMPLETE","$12.00","$1.31","10.92%"
"Main St Old Fashioned","Cocktails","COMPLETE","$13.00","$0.16","1.24%"
"Blood Orange Paloma","Cocktails","COMPLETE","$11.00","$1.96","17.85%"
"Siesta","Cocktails","COMPLETE","$12.00","$1.29","10.73%"
"Grapefruit Martini","Cocktails","COMPLETE","$13.00","$2.30","17.68%"
"Pickle Martini","Cocktails","COMPLETE","$12.00","$1.48","12.32%"
"Cali White","Cocktails","COMPLETE","$8.00","$1.99","24.9%"
"Cali Red","Cocktails","COMPLETE","$8.00","$1.68","20.99%"
"John Daly","Cocktails","COMPLETE","$7.75","$0.21","2.69%"
"Long Island Top Shelf","Cocktails","COMPLETE","$14.00","$2.27","16.23%"
"Purple Haze","Cocktails","COMPLETE","$10.00","$1.94","19.42%"
"Long Island Iced Tea","Cocktails","COMPLETE","$12.00","$0.98","8.18%"
"Fuzzy Navel","Cocktails","COMPLETE","$7.50","$0.38","5.14%"
"Greyhound","Cocktails","COMPLETE","$7.75","$0.64","8.25%"
"Sea Breeze","Cocktails","COMPLETE","$7.75","$1.05","13.6%"
"Tequila Sunrise","Cocktails","COMPLETE","$7.75","$0.35","4.57%"
"Main St Manhattan","Cocktails","COMPLETE","$13.00","$1.43","11.02%"
"Mint Julep","Cocktails","COMPLETE","$12.00","$0.06","0.47%"
"Bay Breeze","Cocktails","COMPLETE","$7.75","$0.42","5.41%"
"Lemon Drop Martini","Cocktails","COMPLETE","$10.00","$0.42","4.25%"
"Cucumber Gin Spin","Cocktails","COMPLETE","$13.00","$2.68","20.63%"
"Amaretto Stone Sour","Cocktails","COMPLETE","$10.00","$1.00","9.96%"
"French Martini","Cocktails","COMPLETE","$14.00","$0.57","4.08%"
"Crown Royal Apple Martini","Liquor","COMPLETE","$13.50","$3.30","24.42%"
"A FEW Old Walnuts","Cocktails","COMPLETE","$13.00","$2.92","22.48%"
"Negroni","Cocktails","COMPLETE","$10.00","$2.13","21.3%"
"Screwdriver","Cocktails","COMPLETE","$7.75","$0.37","4.79%"
"Blind Corner Oasis Station","Draft Beer","DRAFT","$8.50","$1.72","20.3%"
"Blind Corner Infinite Incline","Draft Beer","COMPLETE","--","$2.12",""
"Tom Collins","Cocktails","COMPLETE","$7.75","$0.32","4.12%"
"Whiskey Sour","Cocktails","COMPLETE","$7.75","$0.29","3.8%"
"White Russian","Cocktails","COMPLETE","$7.75","$1.10","14.18%"
"Jalapeno Poppers","Appetizers","COMPLETE","$12.00","$2.73","22.77%"
"Croutons","Prep Recipes","DRAFT","N/A","$0.00",""
"Azteca Wrap","Wraps","COMPLETE","$16.00","$2.87","17.94%"
"Untitled prep recipe","Seasonings and Rubs","DRAFT","N/A","$0.00",""
"Herbal Aioli","Sauces - Cold","COMPLETE","N/A","$4.33",""
"Pork Seasoning","Seasonings and Rubs","DRAFT","--","$8.02",""
"Pub Lox","Brunch","DRAFT","$17.00","$1.18","6.94%"
"Breading Flour","Seasonings and Rubs","COMPLETE","N/A","$6.93",""
"Onion Strings","--","DRAFT","N/A","$1.74",""
"Dulce de Leche","Brunch","COMPLETE","N/A","$2.87",""
"Country Gravy","Brunch","COMPLETE","N/A","$7.38",""
"Nutrl Orange","Bottle Beer","COMPLETE","$7.00","$1.75","25%"
"Nutrl Pineapple","Bottle Beer","COMPLETE","$7.00","$1.75","25%"
"Nutrl Lime","Bottle Beer","COMPLETE","$7.00","$1.75","25%"
"Surfside Raspberry Iced Tea","Bottle Beer","COMPLETE","$7.50","$1.75","23.33%"
"Surfside Green Tea","Bottle Beer","COMPLETE","$8.00","$1.88","23.44%"
"Pub Patty Melt","Not Burgers","COMPLETE","$0.00","$14.81",""
"Surfside Iced Tea & Vodka","Bottle Beer","COMPLETE","$7.50","$1.75","23.33%"
"Crispy Chicken Sandwich","Not Burgers","COMPLETE","$18.00","$2.37","13.17%"
"BTL Silk and Spice Red Blend","Wine","COMPLETE","--","$7.50",""
"Spiteful Bleacher Bum Can","Bottle Beer","COMPLETE","--","$1.50",""
"Buffalo Bleu","Burgers","COMPLETE","$0.00","$0.55",""
"Victory Sour Monkey","Bottle Beer","COMPLETE","$7.00","$1.66","23.69%"
"Pacifico Bottle","Bottle Beer","COMPLETE","--","$1.44",""
"Carbliss Black Cherry","Bottle Beer","COMPLETE","--","$2.00",""
"Carbliss Mango","Bottle Beer","COMPLETE","--","$1.98",""
"Greek Chicken Wrap","Wraps","COMPLETE","$16.00","$3.88","24.28%"
"Western","Burgers","COMPLETE","$0.00","$0.59",""
"Sunny Side","Burgers","COMPLETE","$0.00","$1.20",""
"Premier Plus","Burgers","COMPLETE","$0.00","$1.06",""
"Honey Bleu","Burgers","COMPLETE","$0.00","$1.04",""
"Hell Fire","Burgers","COMPLETE","$0.00","$0.66",""
"Hangover","Burgers","COMPLETE","$0.00","$0.92",""
"Hacienda","Burgers","COMPLETE","$0.00","$0.88",""
"Goodfella","Burgers","COMPLETE","$0.00","$1.02",""
"Fried Pickle","Burgers","COMPLETE","$0.00","$0.70",""
"Diablo","Burgers","COMPLETE","$0.00","$0.85",""
"California","Burgers","COMPLETE","$0.00","$0.81",""
"3 Wisemen","Shots","COMPLETE","$9.00","$1.54","17.08%"
"Bistro","Burgers","COMPLETE","$0.00","$0.90",""
"Miller Lite Draft","Draft Beer","COMPLETE","$4.50","$1.05","23.26%"
"Bronco Brat","Not Burgers","COMPLETE","$16.00","$2.38","14.9%"
"Sauer-Brat-En","Not Burgers","COMPLETE","$16.00","$4.09","25.57%"
"Dos XX Amber","Beverage","COMPLETE","--","$1.75",""
"Well Gin","Liquor","COMPLETE","$7.75","$0.31","4.01%"
"Absolut","Liquor","COMPLETE","--","$1.27",""
"Absolut Martini","Liquor","COMPLETE","--","$2.53",""
"Belvedere","Liquor","COMPLETE","--","$2.04",""
"Belvedere Martini","Liquor","COMPLETE","--","$4.09",""
"Well Vodka","Liquor","COMPLETE","$7.75","$0.26","3.38%"
"Bombay Bramble Double","Liquor","COMPLETE","--","$2.09",""
"Bombay Bramble Martini","Liquor","COMPLETE","--","$2.51",""
"Well Rum","Liquor","COMPLETE","$7.75","$0.34","4.44%"
"Patron Extra Anejo Martini","Liquor","COMPLETE","--","$7.98",""
"Patron Silver","Liquor","COMPLETE","$11.00","$2.29","20.86%"
"Patron Silver Martini","Liquor","COMPLETE","$16.50","$4.59","27.82%"
"Crown Royal","Liquor","COMPLETE","$9.00","$1.54","17.1%"
"Crown Royal Apple","Liquor","COMPLETE","$9.00","$1.65","18.32%"
"Crown Royal Martini","Liquor","COMPLETE","$13.50","$3.08","22.8%"
"Elijah Craig Rye","Liquor","COMPLETE","$10.50","$1.38","13.18%"
"Elijah Craig Rye Martini","Liquor","COMPLETE","$15.75","$2.77","17.58%"
"Fireball","Liquor","COMPLETE","$7.50","$0.99","13.18%"
"Fireball Double","Liquor","COMPLETE","$9.75","$1.65","16.9%"
"Fireball Martini","Liquor","COMPLETE","$11.25","$1.98","17.58%"
"Fireball Shot","Liquor","COMPLETE","$7.50","$0.99","13.18%"
"Jack Fire","Liquor","COMPLETE","$8.50","$1.56","18.42%"
"Jack Fire Martini","Liquor","COMPLETE","$12.75","$3.13","24.56%"
"Jameson Black Barrel Double","Liquor","COMPLETE","--","$3.11",""
"Jameson Black Barrel Martini","Liquor","COMPLETE","--","$3.73",""
"Jameson MON","Liquor","COMPLETE","$6.00","$1.51","25.14%"
"Jameson Shot","Liquor","COMPLETE","$9.00","$1.51","16.76%"
"Jefferson's Ocean Aged","Liquor","COMPLETE","$20.00","$4.13","20.64%"
"Jefferson's Ocean Aged Double","Liquor","COMPLETE","$26.00","$6.88","26.46%"
"Jefferson's Ocean Aged Martini","Liquor","COMPLETE","$30.00","$8.26","27.52%"
"Jim Beam","Liquor","COMPLETE","$8.25","$1.12","13.56%"
"Skrewball Peanut Butter","Liquor","COMPLETE","$9.00","$1.76","19.61%"
"Skrewball Peanut Butter","Liquor","COMPLETE","$9.00","$1.76","19.61%"
"Skrewball Peanut Butter Martini","Liquor","COMPLETE","$13.50","$3.53","26.15%"
"Balvenie Double Wood 12 Year Double","Liquor","COMPLETE","--","$6.86",""
"Balvenie Double Wood 12 Year Martini","Liquor","COMPLETE","--","$8.23",""
"Hennesy Privilege","Liquor","COMPLETE","--","$2.25",""
"Hennesy Privilege Martini","Liquor","COMPLETE","$19.50","$4.49","23.05%"
"Hennesy Privilege Neat","Liquor","COMPLETE","--","$3.00",""
"Amaretto","Liquor","COMPLETE","$7.50","$0.70","9.34%"
"Apple Pucker","Liquor","COMPLETE","$7.50","$0.50","6.65%"
"Bailey's","Liquor","COMPLETE","$8.50","$1.75","20.62%"
"Bailey's Martini","Liquor","COMPLETE","$12.75","$3.51","27.5%"
"Cointreau","Liquor","COMPLETE","$8.50","$1.31","15.4%"
"Frangelico","Liquor","COMPLETE","$7.50","$1.70","22.66%"
"Frangelico Double","Liquor","COMPLETE","$9.75","$2.83","29.06%"
"Frangelico Martini","Liquor","COMPLETE","$11.25","$3.40","30.22%"
"Grand Marnier Martini","Liquor","COMPLETE","$12.75","$0.27","2.12%"
"Kahlua","Liquor","COMPLETE","$7.50","$1.43","19.1%"
"Kahlua Double","Liquor","COMPLETE","$9.75","$2.39","24.48%"
"Kahlua Martini","Liquor","COMPLETE","$11.25","$2.86","25.46%"
"Malort","Liquor","COMPLETE","$7.00","$0.94","13.5%"
"Malort Martini","Liquor","COMPLETE","$10.50","$1.89","18%"
"Malort Shot","Liquor","COMPLETE","--","$0.94",""
"Rumple Minze","Liquor","COMPLETE","$8.50","$1.54","18.16%"
"Rumple Minze Martini","Liquor","COMPLETE","$12.75","$3.09","24.22%"
"Rumpleminz Shot","Liquor","COMPLETE","$8.50","$1.54","18.16%"
"Bushmills","Liquor","COMPLETE","$8.75","$1.06","12.17%"
"Campari","Liquor","COMPLETE","$8.50","$1.58","18.66%"
"Apple Pucker Martini","Liquor","COMPLETE","$11.25","$1.00","8.87%"
"Apple Pucker Double","Liquor","COMPLETE","$9.75","$0.83","8.53%"
"Midori Martini","Liquor","COMPLETE","--","$2.29",""
"Three Floyd's Bubblegumhead Double","Liquor","COMPLETE","--","$2.73",""
"Malibu","Liquor","COMPLETE","$8.50","$1.01","11.89%"
"Myer's Dark","Liquor","COMPLETE","$9.00","$1.33","14.8%"
"RumChata","Liquor","COMPLETE","$7.75","$1.20","15.48%"
"Dewars","Liquor","COMPLETE","$9.50","$1.40","14.69%"
"Johnnie Walker Black","Liquor","COMPLETE","$11.00","$2.12","19.25%"
"Glenfiddich 12 Year","Liquor","COMPLETE","--","$2.21",""
"Glenmorangie","Liquor","COMPLETE","--","$2.20",""
"Glenfiddich 18 Year","Liquor","COMPLETE","--","$6.79",""
"Balvenie Single Barrel 15 Year","Liquor","COMPLETE","--","$4.79",""
"Glenlivet 15 Year","Liquor","COMPLETE","$14.00","$3.13","22.34%"
"Balvenie Double Wood 12 Year","Liquor","COMPLETE","--","$4.12",""
"Johnnie Walker Red","Liquor","COMPLETE","$10.00","$1.39","13.91%"
"Mcqueen Gin","Liquor","COMPLETE","$10.50","$1.77","16.9%"
"Ilegal Mezcal","Liquor","COMPLETE","$10.00","$0.10","1.02%"
"Patron Anejo","Liquor","COMPLETE","--","$0.14",""
"Espolon Reposado","Liquor","COMPLETE","$10.00","$1.24","12.45%"
"Patron Reposado","Liquor","COMPLETE","--","$0.14",""
"Bulleit","Liquor","COMPLETE","$11.00","$1.87","16.97%"
"Elijah Craig","Liquor","COMPLETE","$10.50","$0.01","0.08%"
"Woodford Reserve","Liquor","COMPLETE","$12.50","$2.25","18.02%"
"Tullamore Dew","Liquor","COMPLETE","$9.00","$1.29","14.35%"
"Well Whiskey","Liquor","COMPLETE","$8.00","$0.36","4.49%"
"Buffalo Trace","Liquor","COMPLETE","$12.00","$1.18","9.8%"
"Woodford Rye","Liquor","COMPLETE","$12.50","$2.53","20.26%"
"Bulleit Rye","Liquor","COMPLETE","$11.00","$1.87","16.97%"
"Jameson","Liquor","COMPLETE","$9.50","$1.51","15.88%"
"Jameson Orange","Liquor","COMPLETE","$9.50","$1.61","16.95%"
"Three Floyd's Bubblegumhead","Liquor","COMPLETE","--","$1.64",""
"Jack Daniel's","Liquor","COMPLETE","$9.00","$1.38","15.28%"
"Seagrams VO","Liquor","COMPLETE","$8.50","$1.02","12%"
"Sazerac Rye","Liquor","COMPLETE","$10.50","$1.04","9.86%"
"Seagrams 7","Liquor","COMPLETE","$8.50","$1.01","11.93%"
"Southern Comfort","Liquor","COMPLETE","$8.50","$0.99","11.63%"
"Woodford Dbl Oaked","Liquor","COMPLETE","--","$2.50",""
"Three Olives Vanilla","Liquor","COMPLETE","$9.00","$0.46","5.18%"
"Three Olives Orange","Liquor","COMPLETE","$9.00","$0.46","5.18%"
"Ketel One Citreon","Liquor","COMPLETE","$10.00","$1.58","15.85%"
"Ketel One Oranje","Liquor","COMPLETE","$10.00","$1.58","15.85%"
"Three Olives Cherry","Liquor","COMPLETE","$9.00","$0.46","5.18%"
"Tito's","Liquor","COMPLETE","$9.00","$0.89","9.86%"
"Deep Eddie Lime","Liquor","COMPLETE","$8.75","$1.04","11.89%"
"Grey Goose","Liquor","COMPLETE","$11.50","$0.10","0.88%"
"Ketel One","Liquor","COMPLETE","$10.00","$1.49","14.93%"
"Three Olives Citrus","Liquor","COMPLETE","$9.00","$0.11","1.24%"
"Ketel One Double","Liquor","COMPLETE","$13.00","$2.49","19.14%"
"Ketel One Citreon Double","Liquor","COMPLETE","$13.00","$2.64","20.32%"
"Ketel One Oranje Double","Liquor","COMPLETE","$13.00","$2.64","20.32%"
"Grey Goose Martini","Liquor","COMPLETE","$17.25","$0.20","1.18%"
"Ketel One Citron Martini","Liquor","COMPLETE","$15.00","$3.17","21.13%"
"Ketel One Oranje Martini","Liquor","COMPLETE","$15.00","$3.17","21.13%"
"Three Olives Cherry Martini","Liquor","COMPLETE","$13.50","$0.93","6.9%"
"Ketel One Martini","Liquor","COMPLETE","$15.00","$2.98","19.9%"
"Three Olives Citrus Martini","Liquor","COMPLETE","$13.50","$0.22","1.65%"
"Three Olives Espresso Martini","Liquor","COMPLETE","$13.50","$0.93","6.9%"
"Three Olives Orange Martini","Liquor","COMPLETE","$13.50","$0.93","6.9%"
"Three Olives Vanilla Martini","Liquor","COMPLETE","$13.50","$0.93","6.9%"
"Woodford Rye Neat","Liquor","COMPLETE","$14.75","$3.38","22.89%"
"Woodford Reserve Neat","Liquor","COMPLETE","$14.75","$3.00","20.37%"
"Woodford Rye Double","Liquor","COMPLETE","$16.25","$4.22","25.97%"
"Woodford Dbl Oaked Double","Liquor","COMPLETE","--","$4.17",""
"Woodford Reserve Double","Liquor","COMPLETE","$16.25","$3.76","23.11%"
"Well Whiskey Martini","Liquor","COMPLETE","$12.00","$0.72","5.99%"
"Angel's Envy Martini","Liquor","COMPLETE","$21.75","$4.27","19.65%"
"Bulleit Martini","Liquor","COMPLETE","$16.50","$3.73","22.63%"
"Buffalo Trace Martini","Liquor","COMPLETE","$18.00","$2.35","13.06%"
"Woodford Rye Martini","Liquor","COMPLETE","$18.75","$5.06","27.01%"
"Jameson Martini","Liquor","COMPLETE","$14.25","$3.02","21.17%"
"Bulleit Rye Martini","Liquor","COMPLETE","$16.50","$3.73","22.63%"
"Seagrams 7 Martini","Liquor","COMPLETE","$12.75","$2.03","15.91%"
"FEW Bourbon Martini","Liquor","COMPLETE","$16.50","$3.55","21.51%"
"Seagrams VO Martini","Liquor","COMPLETE","$12.75","$2.04","16%"
"Woodford Dbl Oaked Martini","Liquor","COMPLETE","--","$5.00",""
"Three Floyd's Bubblegumhead Martini","Liquor","COMPLETE","--","$3.28",""
"Elijah Craig Martini","Liquor","COMPLETE","$15.75","$0.02","0.11%"
"Woodford Reserve Martini","Liquor","COMPLETE","$18.75","$4.51","24.03%"
"Southern Comfort Martini","Liquor","COMPLETE","$12.75","$1.98","15.5%"
"Tullamore Dew Martini","Liquor","COMPLETE","$13.50","$2.58","19.14%"
"Jack Daniel's Martini","Liquor","COMPLETE","$13.50","$2.75","20.37%"
"Sazerac Rye Martini","Liquor","COMPLETE","$15.75","$2.07","13.14%"
"Patron Anejo Neat","Liquor","COMPLETE","--","$0.18",""
"Don Julio Anejo Neat","Liquor","COMPLETE","--","$4.35",""
"Patron Anejo Double","Liquor","COMPLETE","--","$0.22",""
"Ilegal Mezcal Double","Liquor","COMPLETE","$13.00","$0.17","1.3%"
"Don Julio Anejo Double","Liquor","COMPLETE","--","$5.44",""
"Espolon Reposado Double","Liquor","COMPLETE","$13.00","$2.07","15.96%"
"Well Tequila Martini","Liquor","COMPLETE","$12.00","$1.20","9.98%"
"Espolon Blanco Martini","Liquor","COMPLETE","$13.50","$2.49","18.44%"
"Ilegal Mezcal Martini","Liquor","COMPLETE","$15.00","$0.20","1.35%"
"Ocho Plata Martini","Liquor","COMPLETE","$15.75","$5.05","32.05%"
"Espolon Reposado Martini","Liquor","COMPLETE","$15.00","$2.49","16.6%"
"Ocho Reposado Martini","Liquor","COMPLETE","$19.50","$0.90","4.62%"
"Don Julio Reposado Martini","Liquor","COMPLETE","--","$5.64",""
"Patron Reposado Martini","Liquor","COMPLETE","--","$0.27",""
"Don Julio Blanco Martini","Liquor","COMPLETE","$19.50","$5.33","27.35%"
"Don Julio Anejo Martini","Liquor","COMPLETE","$22.50","$6.53","29.03%"
"Bombay Sapphire Double","Liquor","COMPLETE","$13.00","$2.09","16.11%"
"Florence Fields Martini","Liquor","COMPLETE","$15.75","$2.96","18.78%"
"Mcqueen Gin Martini","Liquor","COMPLETE","$15.75","$3.55","22.53%"
"Hendrick's Martini","Liquor","COMPLETE","$16.50","$3.19","19.36%"
"House Grapefruit Juice","Mixer","COMPLETE","N/A","$10.81",""
"House Lemon Juice","Mixer","COMPLETE","N/A","$10.25",""
"House Sour Mix","Mixer","COMPLETE","N/A","$4.72",""
"Yuengling Flight","Draft Beer","COMPLETE","--","$1.04",""
"Breakfast Burrito","Brunch","COMPLETE","$16.00","$2.69","16.84%"
"Tanqueray Martini","Liquor","COMPLETE","$14.25","$2.90","20.35%"
"Balvenie Double Wood 12 Year Neat","Liquor","COMPLETE","--","$5.49",""
"Balvinie Single Barrel 15 Year Neat","Liquor","COMPLETE","--","$6.39",""
"Glenfiddich 12 Year Neat","Liquor","COMPLETE","--","$2.95",""
"Glenfiddich 18 Year Neat","Liquor","COMPLETE","--","$9.05",""
"Glenmorangie Neat","Liquor","COMPLETE","--","$2.93",""
"Balvinie Single Barrel 15 Year Double","Liquor","COMPLETE","--","$7.98",""
"Glenfiddich 18 Year Double","Liquor","COMPLETE","--","$11.31",""
"Johnnie Walker Red Double","Liquor","COMPLETE","$13.00","$2.32","17.84%"
"Glenmorangie Double","Liquor","COMPLETE","--","$3.66",""
"Glenfiddich 12 Year Double","Liquor","COMPLETE","--","$3.69",""
"Balvinie Single Barrel 15 Year Martini","Liquor","COMPLETE","--","$9.58",""
"Glenmorangie Martini","Liquor","COMPLETE","--","$4.40",""
"Glenfiddich 12 Year Martini","Liquor","COMPLETE","--","$4.43",""
"Dewars Martini","Liquor","COMPLETE","$14.25","$2.79","19.59%"
"Johnnie Walker Red Martini","Liquor","COMPLETE","$15.00","$2.78","18.55%"
"Glenlivet 15 Year Martini","Liquor","COMPLETE","$21.00","$6.25","29.78%"
"Lemon Drop Shot","Shots","COMPLETE","$7.50","$0.17","2.22%"
"Half Wedge Salad","Salads","COMPLETE","$7.00","$0.76","10.82%"
"Half Spinach & Quinoa Salad","Salads","COMPLETE","$7.00","$1.21","17.35%"
"Southwest Salad","Salads","COMPLETE","$13.00","$1.12","8.65%"
"Half Southwest Salad","Salads","COMPLETE","$7.00","$0.67","9.62%"
"Half Pear Salad","Salads","COMPLETE","$7.00","$2.06","29.44%"
"Half Border Salad","Salads","COMPLETE","$7.00","$2.12","30.31%"
"Pear Salad","Salads","COMPLETE","$13.00","$3.70","28.45%"
"Teeling Small Batch Martini","Liquor","COMPLETE","$18.00","$4.10","22.81%"
"Teeling Single Barrel Martini","Liquor","COMPLETE","$21.00","$5.91","28.16%"
"Jameson Orange Martini","Liquor","COMPLETE","$14.25","$3.22","22.6%"
"Wolf Point Bourbon Martini","Liquor","COMPLETE","$17.25","$4.02","23.32%"
"Alter Congratulations","Draft Beer","DRAFT","$8.50","$1.60","18.88%"
"Well Tequila","Liquor","COMPLETE","$8.00","$0.60","7.48%"
"Surfside Iced Tea & Vodka","Bottle Beer","COMPLETE","$7.50","$1.75","23.33%"
"Surfside Raspberry Iced Tead","Bottle Beer","COMPLETE","$7.50","$1.75","23.33%"
"Three Olives Espresso","Liquor","COMPLETE","$9.00","$0.46","5.18%"
"Teeling Small Batch","Liquor","COMPLETE","$12.00","$2.05","17.11%"
"Wolf Point Bourbon","Liquor","COMPLETE","$11.50","$2.01","17.49%"
"Teeling Single Barrel","Beverage","COMPLETE","$14.00","$2.96","21.12%"
"FEW Bourbon","Liquor","COMPLETE","$11.00","$1.77","16.13%"
"Don Julio Blanco","Liquor","COMPLETE","$13.00","$2.67","20.51%"
"Espolon Blanco","Liquor","COMPLETE","$9.00","$1.24","13.83%"
"Tequila Ocho Reposado","Liquor","COMPLETE","$13.00","$0.45","3.47%"
"Tequila Ocho Plata","Liquor","COMPLETE","$10.50","$2.52","24.04%"
"Don Julio Anejo","Liquor","COMPLETE","--","$3.26",""
"Bombay Sapphire","Liquor","COMPLETE","$10.00","$1.42","14.2%"
"Florence Fields","Liquor","COMPLETE","$10.50","$1.48","14.08%"
"Tanqueray","Liquor","COMPLETE","$9.50","$1.45","15.26%"
"Bacardi","Liquor","COMPLETE","$9.00","$0.92","10.25%"
"Captain Morgan","Liquor","COMPLETE","$9.00","$1.15","12.8%"
"93 Octane Panhead Pilsner","Draft Beer","COMPLETE","--","$1.33",""
"Avery White Rascal","Draft Beer","COMPLETE","--","$1.50",""
"Pacifico Draft","Draft Beer","DRAFT","--","$1.42",""
"Vandermill Honeycrisp","Draft Beer","DRAFT","$7.50","$1.61","21.5%"
"Right Bee Clementine","Draft Beer","DRAFT","$8.00","$1.75","21.88%"
"3 Floyd's Pride & Joy","Draft Beer","DRAFT","$8.00","$1.70","21.27%"
"Off Color Beer For Burgers","Draft Beer","DRAFT","$8.00","$1.64","20.56%"
"Two Brothers 30 West","Draft Beer","DRAFT","$7.50","$1.50","20%"
"Upland Campside","Draft Beer","DRAFT","$6.50","$1.17","17.99%"
"Eagle Park Set List","Draft Beer","DRAFT","$8.50","$1.65","19.45%"
"Half Acre Vallejo","Draft Beer","DRAFT","$7.50","$1.58","21.08%"
"Stone Buenaveza","Draft Beer","DRAFT","$6.00","$1.17","19.49%"
"Jameson Black Barrel","Liquor","COMPLETE","--","$1.86",""
"Monte Cristo","Brunch","COMPLETE","$15.00","$2.86","19.04%"
"Biscuits and Gravy","Brunch","COMPLETE","$11.00","$1.55","14.07%"
"Arbol Chile Sauce","Sauces - Cold","COMPLETE","N/A","$4.57",""
"Buttermilk Biscuits","Baked Goods","COMPLETE","N/A","$3.61",""
"Wedge Salad","Salads","COMPLETE","$13.00","$1.37","10.57%"
"Bleu Cheese Dressing","Dressings","COMPLETE","N/A","$13.45",""
"Brunch Potatoes","Brunch","COMPLETE","N/A","$0.29",""
"Spicy Cajun Aioli","Sauces - Cold","COMPLETE","N/A","$6.33",""
"Cajun Mix Seasoning","Seasonings and Rubs","COMPLETE","N/A","$1.86",""
"Spinach & Quinoa Salad","Salads","COMPLETE","$13.00","$2.75","21.14%"
"Border Salad","Salads","COMPLETE","$13.00","$3.14","24.12%"
"Ground Beef Burrito","Not Burgers","COMPLETE","$16.00","$2.32","14.53%"
"The Main Breakfast","Brunch","COMPLETE","$15.00","$0.88","5.88%"
"Classic","Burgers","COMPLETE","$0.00","$0.45",""
"Provolone Cheese Sauce","Sauces - Warm","COMPLETE","N/A","$38.83",""
"Chipotle Ranch","Sauces - Cold","COMPLETE","N/A","$6.77",""
"Sweet and Spicy Sauce","Sauces - Cold","COMPLETE","N/A","$9.41",""
"Honey Mustard","Sauces - Cold","COMPLETE","N/A","$14.89",""
"Bulleit Bourbon Honey Glaze","Sauces - Cold","COMPLETE","N/A","$21.81",""
"Whiskey Steak Sauce","Sauces - Cold","COMPLETE","N/A","$6.97",""
"Greek Dressing","Dressings","COMPLETE","N/A","$17.56",""
"Buckledown Cactus Pants","Draft Beer","COMPLETE","$7.50","$1.53","20.43%"
"Horseradish Cream","Sauces - Cold","COMPLETE","N/A","$10.32",""
"Garlic Parmesan Sauce","Sauces - Cold","COMPLETE","N/A","$8.71",""
"Caesar Dressing","Dressings","COMPLETE","N/A","$11.22",""
"Blackberry Basil Vinaigrette","Dressings","COMPLETE","N/A","$8.50",""
"Red Wine Vinaigrette","Dressings","COMPLETE","N/A","$10.89",""
"Seasoning - Brunch Potatoes","Brunch","COMPLETE","N/A","$46.22",""
"House Chipotle Sauce","Sauces - Cold","COMPLETE","N/A","$7.60",""
"Around The Bend Vixen","Draft Beer","COMPLETE","--","$1.49",""
"Goose Island Summertime","Draft Beer","DRAFT","$8.00","$1.53","19.15%"
"Chipotle Aioli","Sauces - Cold","COMPLETE","N/A","$6.64",""
"Balsamic Vinaigrette","Dressings","COMPLETE","N/A","$13.30",""
"Ranch Dressing","Dressings","COMPLETE","N/A","$16.09",""
"Cilantro Ranch Dressing","Dressings","COMPLETE","N/A","$6.00",""
"Spicy Cajun Aioli","Sauces - Cold","COMPLETE","N/A","$7.57",""
"Mikerphone Hey Mambo","Draft Beer","COMPLETE","--","$0.00",""
"Old Nation M43","Draft Beer","COMPLETE","--","$2.01",""
"Founders Centenntial","Draft Beer","COMPLETE","--","$1.50",""
"Blind Corner High Draw","Draft Beer","COMPLETE","--","$1.72",""
"Goose Island Green Line","Draft Beer","COMPLETE","--","$1.53",""
"Ciderboys Strawberry Imperial","Bottle Beer","COMPLETE","$8.50","$0.00",""
"Yuengling","Draft Beer","COMPLETE","--","$1.04",""
"Shiner Strawberry Blonde","Draft Beer","DRAFT","$7.50","$1.37","18.28%"
"Alter Day Sipper","Draft Beer","DRAFT","$7.00","$1.45","20.74%"
"Blind Corner Small Fry Bands","Draft Beer","DRAFT","$8.50","$1.97","23.15%"
"New Belgium Voodoo Ranger Juicy Haze","Draft Beer","DRAFT","$8.00","$1.63","20.36%"
"Art History Good Night Bamberg","--","COMPLETE","--","$1.69",""
"Toppling Goliath Psuedo Sue","Draft Beer","DRAFT","$8.00","$1.73","21.67%"
"Point Amber","Draft Beer","DRAFT","$7.50","$0.00",""
"Garage Beer","Draft Beer","DRAFT","$6.00","$1.09","18.14%"
"Short Fuse Bearie White","Draft Beer","COMPLETE","--","$1.49",""
"Seattle Cider Honeycrisp","Draft Beer","COMPLETE","$7.50","$1.59","21.21%"
"Original Sin Black Widow","Draft Beer","COMPLETE","--","$1.71",""
"KIDS APPLE JUICE BOX","Beverage","COMPLETE","$0.00","$0.33",""
"ICED TEA","Beverage","COMPLETE","$3.50","$0.88","25%"
"KIDS ICED TEA","Beverage","COMPLETE","$0.00","$0.44",""
"Alter My Freshious","Draft Beer","COMPLETE","$8.00","$1.52","19.05%"
"KIDS LEMONADE","Beverage","COMPLETE","$0.00","$0.50",""
"LEMONADE","Beverage","COMPLETE","$3.50","$0.79","22.71%"
"ARNOLD PALMER","Beverage","COMPLETE","$3.50","$0.42","11.93%"
"Vegas Bomb","Shots","COMPLETE","$9.00","$1.66","18.5%"
"Washington Apple Shot","Shots","COMPLETE","$8.00","$1.06","13.28%"
"Red Headed Slut","Shots","COMPLETE","$7.50","$1.23","16.38%"
"DIET COKE","Beverage","COMPLETE","$3.50","$0.74","21.16%"
"KIDS DIET COKE","Beverage","COMPLETE","$0.00","$0.37",""
"KIDS COKE","Beverage","COMPLETE","$0.00","$0.37",""
"COKE","Beverage","COMPLETE","$3.50","$0.74","21.16%"
"CRANBERRY JUICE","Beverage","COMPLETE","$3.50","$0.86","24.62%"
"Campari Martini","Liquor","COMPLETE","$12.75","$3.17","24.88%"
"St. Germain Double","Liquor","COMPLETE","$9.75","$2.38","24.46%"
"GINGER ALE","Beverage","COMPLETE","$3.50","$0.10","2.96%"
"$5 Around The Bend Juice Trials","Draft Beer","COMPLETE","--","$1.81",""
"Mon Coors Light","Bottle Beer","COMPLETE","$3.00","$1.04","34.51%"
"Irish Car Bomb","Shots","COMPLETE","$10.00","$1.44","14.46%"
"Athletic Free Wave Hazy Ipa Can","Bottle Beer","COMPLETE","$6.00","$1.39","23.23%"
"$5 Go Brewing Sunshine State","Draft Beer","COMPLETE","--","$2.04",""
"Sketchbook No Parking","Draft Beer","COMPLETE","--","$1.44",""
"Simple Syrup","Mixer","COMPLETE","N/A","$1.11",""
"Victory Golden Monkey","Bottle Beer","COMPLETE","$8.00","$1.66","20.73%"
"White Tea","Shots","COMPLETE","$8.00","$0.27","3.33%"
"SODA WATER","Beverage","COMPLETE","$0.00","$0.00",""
"SPRITE","Draft Beer","COMPLETE","$3.50","$3.70","105.8%"
"SHIRLEY TEMPLE","Beverage","COMPLETE","$3.50","$2.45","70%"
"PINEAPPLE JUICE","Beverage","COMPLETE","$3.50","$2.08","59.57%"
"ORANGE JUICE","Beverage","COMPLETE","$3.50","$1.78","50.96%"
"KIDS SHIRLY TEMPLE","Beverage","COMPLETE","$0.00","$1.22",""
"KIDS OJ","Beverage","COMPLETE","$0.00","$0.89",""
"KIDS SPRITE","Beverage","COMPLETE","$0.00","$1.85",""
"KIDS GINGERALE","Beverage","COMPLETE","$0.00","$2.07",""
"Gummy Bear","Shots","COMPLETE","$7.50","$0.45","6.04%"
"GRAPEFRUIT JUICE","Beverage","COMPLETE","$3.50","$0.00",""
"GINGER BEER","Beverage","COMPLETE","--","$0.62",""
"Triple Sec Martini","Liquor","COMPLETE","$11.25","$0.53","4.74%"
"Triple Sec Double","Liquor","COMPLETE","$9.75","$0.44","4.55%"
"Triple Sec","Liquor","COMPLETE","$7.50","$0.27","3.55%"
"St. Germain Martini","Liquor","COMPLETE","$11.25","$2.86","25.44%"
"St. Germain","Liquor","COMPLETE","$7.50","$1.43","19.08%"
"Razzmatazz Martini","Liquor","COMPLETE","$11.25","$1.07","9.5%"
"Razzmatazz Double","Liquor","COMPLETE","$9.75","$0.89","9.13%"
"Razzmatazz","Liquor","COMPLETE","$7.50","$0.53","7.12%"
"Peach Schnapps Martini","Liquor","COMPLETE","$11.25","$0.71","6.31%"
"Peach Schnapps Double","Liquor","COMPLETE","$9.75","$0.59","6.07%"
"Peach Schnapps","Liquor","COMPLETE","$7.50","$0.36","4.73%"
"Midori Double","Liquor","COMPLETE","--","$1.91",""
"Midori","Liquor","COMPLETE","--","$1.14",""
"Drambuie Martini","Liquor","COMPLETE","--","$4.00",""
"Drambuie Neat","Liquor","COMPLETE","--","$2.66",""
"Drambuie","Liquor","COMPLETE","--","$2.00",""
"Cointreau Martini","Liquor","COMPLETE","$12.75","$2.62","20.53%"
"Butterscotch Schnapps Martini","Liquor","COMPLETE","$11.25","$1.20","10.68%"
"Butterscotch Schnapps","Liquor","COMPLETE","$7.50","$0.60","8.01%"
"Butterscotch Schnapps Double","Liquor","COMPLETE","$9.75","$1.00","10.27%"
"Blue Curacao Martini","Liquor","COMPLETE","$11.25","$1.33","11.86%"
"Blue Curacao Double","Liquor","COMPLETE","$9.75","$1.11","11.4%"
"Blue Curacao","Liquor","COMPLETE","$7.50","$0.67","8.9%"
"Amaretto Martini","Liquor","COMPLETE","$11.25","$1.40","12.45%"
"Amaretto Double","Liquor","COMPLETE","$9.75","$1.17","11.97%"
"Thurs Old Style","Bottle Beer","COMPLETE","$4.00","$0.94","23.44%"
"Thurs PBR","Bottle Beer","COMPLETE","$4.00","$0.94","23.44%"
"Thurs Montucky Cold Snack","Bottle Beer","COMPLETE","$4.00","$1.15","28.7%"
"Thurs Hamm's","Bottle Beer","COMPLETE","$4.00","$0.94","23.59%"
"Thurs Half Acre Daisy Cutter","Bottle Beer","COMPLETE","$4.00","$2.25","56.25%"
"YELLOW REDBULL","Beverage","COMPLETE","$4.00","$1.61","40.36%"
"WATERMELON REDBULL","Beverage","COMPLETE","$4.00","$1.61","40.36%"
"SUGAR FREE REDBULL","Beverage","COMPLETE","$4.00","$1.61","40.36%"
"REDBULL","Beverage","COMPLETE","$4.00","$1.61","40.36%"
"KIDS FRUIT PUNCH BOX","Beverage","COMPLETE","$0.00","$0.29",""
"Jager Shot","Liquor","COMPLETE","$7.50","$1.38","18.41%"
"Christian Brother's Brandy Neat","Liquor","COMPLETE","--","$1.08",""
"Christian Brother's Brandy Martini","Liquor","COMPLETE","$11.25","$1.62","14.44%"
"Christian Brother's Brandy Double","Liquor","COMPLETE","$9.75","$1.35","13.88%"
"Christian Brother's Brandy","Liquor","COMPLETE","--","$0.81",""
"BTL Josh Cellars Rose","Wine","COMPLETE","--","$9.50",""
"$5 Around The Bend Otto","Draft Beer","COMPLETE","--","$1.10",""
"Mon Miller Lite","Bottle Beer","COMPLETE","$3.00","$1.04","34.51%"
"Mon Michelob Ultra","Bottle Beer","COMPLETE","$3.00","$1.05","34.93%"
"Mon Budweiser","Bottle Beer","COMPLETE","--","$1.03",""
"Mon Bud Light","Bottle Beer","COMPLETE","$3.00","$1.03","34.3%"
"Mon Bud","Bottle Beer","COMPLETE","$3.00","$1.03","34.3%"
"Sketchbook Insuff. Clearance","Draft Beer","COMPLETE","--","$1.50",""
"Oskar Blues Mama'S Little Yella Pills","Draft Beer","COMPLETE","$6.50","$1.55","23.86%"
"Vandermill Totally Roasted","Draft Beer","COMPLETE","--","$1.79",""
"Josh Cellars Rose","Wine","COMPLETE","--","$2.25",""
"High Noon Watermelon","Bottle Beer","COMPLETE","--","$2.00",""
"High Noon Pineapple","Bottle Beer","COMPLETE","--","$2.00",""
"High Noon Peach","Bottle Beer","COMPLETE","--","$2.00",""
"High Noon Lime","Bottle Beer","COMPLETE","--","$1.92",""
"Hamm's Tall Boy Can","Bottle Beer","COMPLETE","$4.50","$0.94","20.97%"
"Montucky Cold Snack Can","Bottle Beer","COMPLETE","$5.25","$1.15","21.86%"
"Old Style Can","Bottle Beer","COMPLETE","$5.00","$0.94","18.75%"
"Pbr Tall Boy Can","Bottle Beer","COMPLETE","$5.00","$0.94","18.75%"
"Modelo Especial","Bottle Beer","COMPLETE","$6.25","$1.28","20.44%"
"Miller Lite Btl","Bottle Beer","COMPLETE","$4.50","$1.04","23.01%"
"Michelob Ultra","Bottle Beer","COMPLETE","$4.50","$1.05","23.29%"
"Heineken","Bottle Beer","COMPLETE","$6.25","$1.39","22.3%"
"Corona Light","Bottle Beer","COMPLETE","$6.00","$1.48","24.58%"
"Coors Light Btl","Bottle Beer","COMPLETE","$4.50","$1.04","23.01%"
"Ciderboys Strawberry Magic","Bottle Beer","COMPLETE","--","$1.50",""
"Angry Orchard","Bottle Beer","COMPLETE","--","$1.48",""
"Bud Light","Bottle Beer","COMPLETE","$4.50","$1.03","22.87%"
"Corona","Bottle Beer","COMPLETE","$6.00","$1.41","23.54%"
"Budweiser","Bottle Beer","COMPLETE","$4.50","$1.03","22.87%"
"Western GM","--","COMPLETE","$18.00","$2.66","14.8%"
"Green Tea","Shots","COMPLETE","$8.00","$0.77","9.68%"
"Bleu Cheese Dressing","Dressings","COMPLETE","--","$13.38",""
"Jager Bomb Recipe","Shots","COMPLETE","$9.00","$1.96","21.74%"
"Cherry Bomb","Shots","COMPLETE","--","$0.90",""
"Baby Guiness","Shots","COMPLETE","$8.00","$1.54","19.24%"
"O Bomb","Shots","COMPLETE","--","$0.75",""
"Lunchbox Shot","Shots","COMPLETE","$9.00","$1.13","12.54%"
"Breakfast Shot","Shots","COMPLETE","$8.00","$1.50","18.79%"
"Cinnamon Toast Crunch Shot","Shots","COMPLETE","$7.50","$0.73","9.73%"
"Honey Lime Vinaigrette","Dressings","COMPLETE","N/A","$13.30",""